S,A,V
0,0,0
0,2.5,0
0,5,0
0,7.5,0
0,10,0
0,12.5,0
0,15,0
0,17.5,0
0,20,0
0,22.5,0
0,25,0
0,27.5,0
0,30,0
0,32.5,0
0,35,0
0,37.5,0
0,40,0
0,42.5,0
0,45,0
0,47.5,0
0,50,0
0,52.5,0
0,55,0
0,57.5,0
0,60,0
0,62.5,0
0,65,0
0,67.5,0
0,70,0
0,72.5,0
0,75,0
0,77.5,0
0,80,0
0,82.5,0
0,85,0
0,87.5,0
0,90,0
0,92.5,0
0,95,0
0,97.5,0
0,100,0
0,102.5,2.6357942e-105
0,105,2.3868567e-102
0,107.5,6.8039227e-100
0,110,9.6803813e-98
0,112.5,8.4121246e-96
0,115,5.0047932e-94
0,117.5,2.1940419e-92
0,120,7.4596709e-91
0,122.5,2.0425487e-89
0,125,4.6358358e-88
0,127.5,8.9221091e-87
0,130,1.4831107e-85
0,132.5,2.1618239e-84
0,135,2.7983917e-83
0,137.5,3.2516399e-82
0,140,3.422965e-81
0,142.5,3.2905849e-80
0,145,2.9089798e-79
0,147.5,2.3794069e-78
0,150,1.8105767e-77
0,152.5,1.2879189e-76
0,155,8.6013787e-76
0,157.5,5.4144263e-75
0,160,3.2238603e-74
0,162.5,1.821515e-73
0,165,9.7947174e-73
0,167.5,5.0259118e-72
0,170,2.4669863e-71
0,172.5,1.1609872e-70
0,175,5.2492922e-70
0,177.5,2.2846653e-69
0,180,9.5888755e-69
0,182.5,3.8873686e-68
0,185,1.5246026e-67
0,187.5,5.792891e-67
0,190,2.1352839e-66
0,192.5,7.6451136e-66
0,195,2.6619055e-65
0,197.5,9.0232448e-65
0,200,2.9808947e-64
0,202.5,9.6066131e-64
0,205,3.0229807e-63
0,207.5,9.2965343e-63
0,210,2.7963134e-62
0,212.5,8.2332043e-62
0,215,2.3746061e-61
0,217.5,6.7136499e-61
0,220,1.8619138e-60
0,222.5,5.0683797e-60
0,225,1.3550301e-59
0,227.5,3.5599833e-59
0,230,9.196094e-59
0,232.5,2.3369073e-58
0,235,5.8449142e-58
0,237.5,1.4395262e-57
0,240,3.4927128e-57
0,242.5,8.3521175e-57
0,245,1.9692516e-56
0,247.5,4.5798322e-56
0,250,1.0510112e-55
0,252.5,2.3808575e-55
0,255,5.3257435e-55
0,257.5,1.1767773e-54
0,260,2.5693078e-54
0,262.5,5.5447385e-54
0,265,1.1830936e-53
0,267.5,2.4966369e-53
0,270,5.2120721e-53
0,272.5,1.0767137e-52
0,275,2.2015916e-52
0,277.5,4.4568475e-52
0,280,8.9346458e-52
0,282.5,1.7741317e-51
0,285,3.4901994e-51
0,287.5,6.8039971e-51
0,290,1.3146737e-50
0,292.5,2.5182522e-50
0,295,4.7829124e-50
0,297.5,9.0090588e-50
0,300,1.232666e-49
5,0,1.0689884e-32
5,2.5,1.0697761e-32
5,5,1.0713549e-32
5,7.5,1.0729495e-32
5,10,1.0745509e-32
5,12.5,1.0761591e-32
5,15,1.0777739e-32
5,17.5,1.0793952e-32
5,20,1.0810228e-32
5,22.5,1.0826568e-32
5,25,1.084297e-32
5,27.5,1.0859435e-32
5,30,1.0875961e-32
5,32.5,1.089255e-32
5,35,1.09092e-32
5,37.5,1.0925912e-32
5,40,1.0942686e-32
5,42.5,1.0959522e-32
5,45,1.097642e-32
5,47.5,1.099338e-32
5,50,1.1010401e-32
5,52.5,1.1027485e-32
5,55,1.1044632e-32
5,57.5,1.1061841e-32
5,60,1.1079113e-32
5,62.5,1.1096448e-32
5,65,1.1113846e-32
5,67.5,1.1131307e-32
5,70,1.1148833e-32
5,72.5,1.1166422e-32
5,75,1.1184075e-32
5,77.5,1.1201792e-32
5,80,1.1219574e-32
5,82.5,1.1237421e-32
5,85,1.1255333e-32
5,87.5,1.127331e-32
5,90,1.1291354e-32
5,92.5,1.1309463e-32
5,95,1.1327638e-32
5,97.5,1.134588e-32
5,100,1.1364189e-32
5,102.5,1.1382566e-32
5,105,1.1401009e-32
5,107.5,1.1419521e-32
5,110,1.1438101e-32
5,112.5,1.1456749e-32
5,115,1.1475466e-32
5,117.5,1.1494252e-32
5,120,1.1513108e-32
5,122.5,1.1532033e-32
5,125,1.1551029e-32
5,127.5,1.1570096e-32
5,130,1.1589233e-32
5,132.5,1.1608441e-32
5,135,1.1627722e-32
5,137.5,1.1647074e-32
5,140,1.1666499e-32
5,142.5,1.1685996e-32
5,145,1.1705567e-32
5,147.5,1.1725211e-32
5,150,1.1744929e-32
5,152.5,1.1764721e-32
5,155,1.1784589e-32
5,157.5,1.1804531e-32
5,160,1.1824549e-32
5,162.5,1.1844643e-32
5,165,1.1864813e-32
5,167.5,1.188506e-32
5,170,1.1905385e-32
5,172.5,1.1925787e-32
5,175,1.1946267e-32
5,177.5,1.1966825e-32
5,180,1.1987463e-32
5,182.5,1.200818e-32
5,185,1.2028977e-32
5,187.5,1.2049854e-32
5,190,1.2070812e-32
5,192.5,1.2091851e-32
5,195,1.2112972e-32
5,197.5,1.2134175e-32
5,200,1.2155461e-32
5,202.5,1.217683e-32
5,205,1.2198283e-32
5,207.5,1.2219819e-32
5,210,1.2241441e-32
5,212.5,1.2263147e-32
5,215,1.2284939e-32
5,217.5,1.2306818e-32
5,220,1.2328782e-32
5,222.5,1.2350834e-32
5,225,1.2372974e-32
5,227.5,1.2395202e-32
5,230,1.2417519e-32
5,232.5,1.2439924e-32
5,235,1.246242e-32
5,237.5,1.2485006e-32
5,240,1.2507683e-32
5,242.5,1.2530452e-32
5,245,1.2553312e-32
5,247.5,1.2576265e-32
5,250,1.2599312e-32
5,252.5,1.2622452e-32
5,255,1.2645686e-32
5,257.5,1.2669015e-32
5,260,1.269244e-32
5,262.5,1.2715961e-32
5,265,1.2739579e-32
5,267.5,1.2763294e-32
5,270,1.2787107e-32
5,272.5,1.2811019e-32
5,275,1.283503e-32
5,277.5,1.285914e-32
5,280,1.2883352e-32
5,282.5,1.2907664e-32
5,285,1.2932078e-32
5,287.5,1.2956595e-32
5,290,1.2981214e-32
5,292.5,1.3005938e-32
5,295,1.3030766e-32
5,297.5,1.3055699e-32
5,300,1.3068205e-32
10,0,1.2869701e-27
10,2.5,1.2879012e-27
10,5,1.2897673e-27
10,7.5,1.2916389e-27
10,10,1.293516e-27
10,12.5,1.2954125e-27
10,15,1.2973169e-27
10,17.5,1.2992293e-27
10,20,1.3011496e-27
10,22.5,1.3030776e-27
10,25,1.305013e-27
10,27.5,1.3069559e-27
10,30,1.3089062e-27
10,32.5,1.3108637e-27
10,35,1.3128286e-27
10,37.5,1.3148008e-27
10,40,1.3167803e-27
10,42.5,1.318767e-27
10,45,1.320761e-27
10,47.5,1.3227623e-27
10,50,1.3247709e-27
10,52.5,1.3267868e-27
10,55,1.3288099e-27
10,57.5,1.3308404e-27
10,60,1.3328782e-27
10,62.5,1.3349234e-27
10,65,1.336976e-27
10,67.5,1.3390359e-27
10,70,1.3411033e-27
10,72.5,1.3431782e-27
10,75,1.3452605e-27
10,77.5,1.3473503e-27
10,80,1.3494476e-27
10,82.5,1.3515525e-27
10,85,1.3536649e-27
10,87.5,1.355785e-27
10,90,1.3579128e-27
10,92.5,1.3600482e-27
10,95,1.3621913e-27
10,97.5,1.3643422e-27
10,100,1.3665008e-27
10,102.5,1.3686673e-27
10,105,1.3708416e-27
10,107.5,1.3730238e-27
10,110,1.3752139e-27
10,112.5,1.3774119e-27
10,115,1.379618e-27
10,117.5,1.381832e-27
10,120,1.3840542e-27
10,122.5,1.3862845e-27
10,125,1.3885229e-27
10,127.5,1.3907695e-27
10,130,1.3930243e-27
10,132.5,1.3952874e-27
10,135,1.3975588e-27
10,137.5,1.3998385e-27
10,140,1.4021266e-27
10,142.5,1.4044232e-27
10,145,1.4067283e-27
10,147.5,1.4090418e-27
10,150,1.411364e-27
10,152.5,1.4136947e-27
10,155,1.4160342e-27
10,157.5,1.4183823e-27
10,160,1.4207391e-27
10,162.5,1.4231048e-27
10,165,1.4254793e-27
10,167.5,1.4278627e-27
10,170,1.430255e-27
10,172.5,1.4326563e-27
10,175,1.4350667e-27
10,177.5,1.4374861e-27
10,180,1.4399147e-27
10,182.5,1.4423524e-27
10,185,1.4447994e-27
10,187.5,1.4472557e-27
10,190,1.4497213e-27
10,192.5,1.4521963e-27
10,195,1.4546808e-27
10,197.5,1.4571747e-27
10,200,1.4596782e-27
10,202.5,1.4621913e-27
10,205,1.4647141e-27
10,207.5,1.4672465e-27
10,210,1.4697888e-27
10,212.5,1.4723408e-27
10,215,1.4749028e-27
10,217.5,1.4774747e-27
10,220,1.4800566e-27
10,222.5,1.4826485e-27
10,225,1.4852506e-27
10,227.5,1.4878628e-27
10,230,1.4904853e-27
10,232.5,1.4931181e-27
10,235,1.4957612e-27
10,237.5,1.4984147e-27
10,240,1.5010788e-27
10,242.5,1.5037533e-27
10,245,1.5064385e-27
10,247.5,1.5091344e-27
10,250,1.511841e-27
10,252.5,1.5145584e-27
10,255,1.5172866e-27
10,257.5,1.5200258e-27
10,260,1.522776e-27
10,262.5,1.5255372e-27
10,265,1.5283096e-27
10,267.5,1.5310932e-27
10,270,1.5338881e-27
10,272.5,1.5366943e-27
10,275,1.539512e-27
10,277.5,1.5423411e-27
10,280,1.5451818e-27
10,282.5,1.5480341e-27
10,285,1.5508981e-27
10,287.5,1.5537739e-27
10,290,1.5566616e-27
10,292.5,1.5595611e-27
10,295,1.5624727e-27
10,297.5,1.5653964e-27
10,300,1.5668628e-27
15,0,1.7358784e-23
15,2.5,1.7371085e-23
15,5,1.739574e-23
15,7.5,1.7420465e-23
15,10,1.7445261e-23
15,12.5,1.7470128e-23
15,15,1.7495066e-23
15,17.5,1.7520269e-23
15,20,1.7545577e-23
15,22.5,1.7570991e-23
15,25,1.7596507e-23
15,27.5,1.7622124e-23
15,30,1.764784e-23
15,32.5,1.7673654e-23
15,35,1.7699564e-23
15,37.5,1.7725571e-23
15,40,1.7751674e-23
15,42.5,1.7777872e-23
15,45,1.7804166e-23
15,47.5,1.7830555e-23
15,50,1.785704e-23
15,52.5,1.788362e-23
15,55,1.7910295e-23
15,57.5,1.7937066e-23
15,60,1.7963933e-23
15,62.5,1.7990895e-23
15,65,1.8017954e-23
15,67.5,1.8045109e-23
15,70,1.8072361e-23
15,72.5,1.8099709e-23
15,75,1.8127155e-23
15,77.5,1.8154698e-23
15,80,1.8182339e-23
15,82.5,1.8210079e-23
15,85,1.8237916e-23
15,87.5,1.8265853e-23
15,90,1.8293889e-23
15,92.5,1.8322024e-23
15,95,1.8350259e-23
15,97.5,1.8378595e-23
15,100,1.8407032e-23
15,102.5,1.8435569e-23
15,105,1.8464209e-23
15,107.5,1.849295e-23
15,110,1.8521795e-23
15,112.5,1.8550742e-23
15,115,1.8579792e-23
15,117.5,1.8608947e-23
15,120,1.8638205e-23
15,122.5,1.8667569e-23
15,125,1.8697038e-23
15,127.5,1.8726613e-23
15,130,1.8756294e-23
15,132.5,1.8786083e-23
15,135,1.8815978e-23
15,137.5,1.8845982e-23
15,140,1.8876094e-23
15,142.5,1.8906314e-23
15,145,1.8936645e-23
15,147.5,1.8967085e-23
15,150,1.8997636e-23
15,152.5,1.9028298e-23
15,155,1.9059072e-23
15,157.5,1.9089959e-23
15,160,1.9120958e-23
15,162.5,1.915207e-23
15,165,1.9183297e-23
15,167.5,1.9214638e-23
15,170,1.9246094e-23
15,172.5,1.9277667e-23
15,175,1.9309355e-23
15,177.5,1.9341161e-23
15,180,1.9373085e-23
15,182.5,1.9405126e-23
15,185,1.9437287e-23
15,187.5,1.9469568e-23
15,190,1.9501968e-23
15,192.5,1.953449e-23
15,195,1.9567133e-23
15,197.5,1.9599898e-23
15,200,1.9632786e-23
15,202.5,1.9665798e-23
15,205,1.9698934e-23
15,207.5,1.9732195e-23
15,210,1.9765582e-23
15,212.5,1.9799095e-23
15,215,1.9832735e-23
15,217.5,1.9866503e-23
15,220,1.99004e-23
15,222.5,1.9934426e-23
15,225,1.9968581e-23
15,227.5,2.0002868e-23
15,230,2.0037286e-23
15,232.5,2.0071836e-23
15,235,2.0106519e-23
15,237.5,2.0141336e-23
15,240,2.0176288e-23
15,242.5,2.0211375e-23
15,245,2.0246598e-23
15,247.5,2.0281958e-23
15,250,2.0317455e-23
15,252.5,2.0353092e-23
15,255,2.0388867e-23
15,257.5,2.0424783e-23
15,260,2.046084e-23
15,262.5,2.0497039e-23
15,265,2.0533381e-23
15,267.5,2.0569866e-23
15,270,2.0606495e-23
15,272.5,2.0643271e-23
15,275,2.0680192e-23
15,277.5,2.071726e-23
15,280,2.0754477e-23
15,282.5,2.0791842e-23
15,285,2.0829357e-23
15,287.5,2.0867023e-23
15,290,2.0904841e-23
15,292.5,2.0942812e-23
15,295,2.0980936e-23
15,297.5,2.1019215e-23
15,300,2.1038412e-23
20,0,5.435404e-20
20,2.5,5.4391665e-20
20,5,5.4467074e-20
20,7.5,5.4542694e-20
20,10,5.4618525e-20
20,12.5,5.4694568e-20
20,15,5.4770825e-20
20,17.5,5.4847296e-20
20,20,5.4923982e-20
20,22.5,5.5001503e-20
20,25,5.5079339e-20
20,27.5,5.5157499e-20
20,30,5.5235971e-20
20,32.5,5.5314748e-20
20,35,5.5393825e-20
20,37.5,5.5473197e-20
20,40,5.5552863e-20
20,42.5,5.5632821e-20
20,45,5.571307e-20
20,47.5,5.5793608e-20
20,50,5.5874435e-20
20,52.5,5.5955551e-20
20,55,5.6036956e-20
20,57.5,5.6118648e-20
20,60,5.620063e-20
20,62.5,5.6282901e-20
20,65,5.6365461e-20
20,67.5,5.6448311e-20
20,70,5.6531451e-20
20,72.5,5.6614883e-20
20,75,5.6698606e-20
20,77.5,5.6782623e-20
20,80,5.6866932e-20
20,82.5,5.6951536e-20
20,85,5.7036435e-20
20,87.5,5.7121631e-20
20,90,5.7207124e-20
20,92.5,5.7292915e-20
20,95,5.7379005e-20
20,97.5,5.7465396e-20
20,100,5.7552088e-20
20,102.5,5.7639084e-20
20,105,5.7726383e-20
20,107.5,5.7813987e-20
20,110,5.7901898e-20
20,112.5,5.7990117e-20
20,115,5.8078645e-20
20,117.5,5.8167483e-20
20,120,5.8256633e-20
20,122.5,5.8346096e-20
20,125,5.8435873e-20
20,127.5,5.8525966e-20
20,130,5.8616377e-20
20,132.5,5.8707106e-20
20,135,5.8798155e-20
20,137.5,5.8889527e-20
20,140,5.8981221e-20
20,142.5,5.907324e-20
20,145,5.9165586e-20
20,147.5,5.9258259e-20
20,150,5.9351262e-20
20,152.5,5.9444595e-20
20,155,5.9538262e-20
20,157.5,5.9632262e-20
20,160,5.9726599e-20
20,162.5,5.9821273e-20
20,165,5.9916287e-20
20,167.5,6.0011641e-20
20,170,6.0107339e-20
20,172.5,6.020338e-20
20,175,6.0299768e-20
20,177.5,6.0396504e-20
20,180,6.049359e-20
20,182.5,6.0591027e-20
20,185,6.0688818e-20
20,187.5,6.0786964e-20
20,190,6.0885467e-20
20,192.5,6.0984329e-20
20,195,6.1083553e-20
20,197.5,6.1183139e-20
20,200,6.1283089e-20
20,202.5,6.1383407e-20
20,205,6.1484093e-20
20,207.5,6.158515e-20
20,210,6.168658e-20
20,212.5,6.1788384e-20
20,215,6.1890565e-20
20,217.5,6.1993125e-20
20,220,6.2096066e-20
20,222.5,6.219939e-20
20,225,6.2303099e-20
20,227.5,6.2407196e-20
20,230,6.2511682e-20
20,232.5,6.2616559e-20
20,235,6.272183e-20
20,237.5,6.2827498e-20
20,240,6.2933563e-20
20,242.5,6.304003e-20
20,245,6.3146899e-20
20,247.5,6.3254173e-20
20,250,6.3361854e-20
20,252.5,6.3469946e-20
20,255,6.3578449e-20
20,257.5,6.3687367e-20
20,260,6.3796702e-20
20,262.5,6.3906456e-20
20,265,6.4016633e-20
20,267.5,6.4127233e-20
20,270,6.423826e-20
20,272.5,6.4349717e-20
20,275,6.4461605e-20
20,277.5,6.4573928e-20
20,280,6.4686687e-20
20,282.5,6.4799886e-20
20,285,6.4913528e-20
20,287.5,6.5027614e-20
20,290,6.5142148e-20
20,292.5,6.5257132e-20
20,295,6.5372569e-20
20,297.5,6.5488461e-20
20,300,6.5546579e-20
25,0,5.5808968e-17
25,2.5,5.5846588e-17
25,5,5.592198e-17
25,7.5,5.5997578e-17
25,10,5.6073382e-17
25,12.5,5.6149392e-17
25,15,5.6225611e-17
25,17.5,5.6302037e-17
25,20,5.6378674e-17
25,22.5,5.645552e-17
25,25,5.6532578e-17
25,27.5,5.6610492e-17
25,30,5.6688718e-17
25,32.5,5.6767264e-17
25,35,5.6846119e-17
25,37.5,5.6925275e-17
25,40,5.7004727e-17
25,42.5,5.7084471e-17
25,45,5.7164505e-17
25,47.5,5.7244826e-17
25,50,5.7325434e-17
25,52.5,5.7406328e-17
25,55,5.7487507e-17
25,57.5,5.756897e-17
25,60,5.7650717e-17
25,62.5,5.7732748e-17
25,65,5.7815064e-17
25,67.5,5.7897664e-17
25,70,5.7980549e-17
25,72.5,5.806372e-17
25,75,5.8147176e-17
25,77.5,5.8230918e-17
25,80,5.8314948e-17
25,82.5,5.8399265e-17
25,85,5.8483871e-17
25,87.5,5.8568766e-17
25,90,5.8653952e-17
25,92.5,5.8739428e-17
25,95,5.8825196e-17
25,97.5,5.8911258e-17
25,100,5.8997613e-17
25,102.5,5.9084264e-17
25,105,5.917121e-17
25,107.5,5.9258454e-17
25,110,5.9345997e-17
25,112.5,5.9433838e-17
25,115,5.9521981e-17
25,117.5,5.9610425e-17
25,120,5.9699172e-17
25,122.5,5.9788224e-17
25,125,5.9877582e-17
25,127.5,5.9967246e-17
25,130,6.0057219e-17
25,132.5,6.0147501e-17
25,135,6.0238094e-17
25,137.5,6.0329e-17
25,140,6.0420219e-17
25,142.5,6.0511753e-17
25,145,6.0603604e-17
25,147.5,6.0695773e-17
25,150,6.0788261e-17
25,152.5,6.088107e-17
25,155,6.0974202e-17
25,157.5,6.1067657e-17
25,160,6.1161439e-17
25,162.5,6.1255547e-17
25,165,6.1349984e-17
25,167.5,6.1444751e-17
25,170,6.1539849e-17
25,172.5,6.1635282e-17
25,175,6.1731049e-17
25,177.5,6.1827153e-17
25,180,6.1923595e-17
25,182.5,6.2020378e-17
25,185,6.2117502e-17
25,187.5,6.221497e-17
25,190,6.2312783e-17
25,192.5,6.2410943e-17
25,195,6.2509451e-17
25,197.5,6.260831e-17
25,200,6.2707522e-17
25,202.5,6.2807088e-17
25,205,6.2907009e-17
25,207.5,6.3007289e-17
25,210,6.3107928e-17
25,212.5,6.3208929e-17
25,215,6.3310294e-17
25,217.5,6.3412023e-17
25,220,6.3514121e-17
25,222.5,6.3616587e-17
25,225,6.3719425e-17
25,227.5,6.3822636e-17
25,230,6.3926222e-17
25,232.5,6.4030186e-17
25,235,6.4134529e-17
25,237.5,6.4239254e-17
25,240,6.4344362e-17
25,242.5,6.4449856e-17
25,245,6.4555737e-17
25,247.5,6.4662009e-17
25,250,6.4768672e-17
25,252.5,6.487573e-17
25,255,6.4983184e-17
25,257.5,6.5091036e-17
25,260,6.519929e-17
25,262.5,6.5307947e-17
25,265,6.5417009e-17
25,267.5,6.5526479e-17
25,270,6.5636358e-17
25,272.5,6.574665e-17
25,275,6.5857357e-17
25,277.5,6.5968481e-17
25,280,6.6080024e-17
25,282.5,6.6191989e-17
25,285,6.6304379e-17
25,287.5,6.6417195e-17
25,290,6.6530441e-17
25,292.5,6.6644118e-17
25,295,6.675823e-17
25,297.5,6.6872778e-17
25,300,6.6930217e-17
30,0,2.30842e-14
30,2.5,2.3099297e-14
30,5,2.3129551e-14
30,7.5,2.3159885e-14
30,10,2.31903e-14
30,12.5,2.3220794e-14
30,15,2.325137e-14
30,17.5,2.3282027e-14
30,20,2.3312765e-14
30,22.5,2.3343585e-14
30,25,2.3374487e-14
30,27.5,2.3405472e-14
30,30,2.343654e-14
30,32.5,2.3467959e-14
30,35,2.3499501e-14
30,37.5,2.353117e-14
30,40,2.356296e-14
30,42.5,2.359487e-14
30,45,2.3626896e-14
30,47.5,2.3659037e-14
30,50,2.3691293e-14
30,52.5,2.3723662e-14
30,55,2.3756144e-14
30,57.5,2.3788739e-14
30,60,2.3821446e-14
30,62.5,2.3854264e-14
30,65,2.3887195e-14
30,67.5,2.3920237e-14
30,70,2.3953391e-14
30,72.5,2.3986657e-14
30,75,2.4020036e-14
30,77.5,2.4053526e-14
30,80,2.4087128e-14
30,82.5,2.4120844e-14
30,85,2.4154671e-14
30,87.5,2.4188612e-14
30,90,2.4222667e-14
30,92.5,2.4256834e-14
30,95,2.4291116e-14
30,97.5,2.4325512e-14
30,100,2.4360023e-14
30,102.5,2.4394648e-14
30,105,2.4429389e-14
30,107.5,2.4464246e-14
30,110,2.4499218e-14
30,112.5,2.4534307e-14
30,115,2.4569514e-14
30,117.5,2.4604837e-14
30,120,2.4640278e-14
30,122.5,2.4675838e-14
30,125,2.4711516e-14
30,127.5,2.4747314e-14
30,130,2.4783231e-14
30,132.5,2.4819268e-14
30,135,2.4855426e-14
30,137.5,2.4891706e-14
30,140,2.4928106e-14
30,142.5,2.4964629e-14
30,145,2.5001275e-14
30,147.5,2.5038044e-14
30,150,2.5074937e-14
30,152.5,2.5111954e-14
30,155,2.5149096e-14
30,157.5,2.5186363e-14
30,160,2.5223757e-14
30,162.5,2.5261276e-14
30,165,2.5298924e-14
30,167.5,2.5336698e-14
30,170,2.5374601e-14
30,172.5,2.5412634e-14
30,175,2.5450795e-14
30,177.5,2.5489087e-14
30,180,2.5527509e-14
30,182.5,2.5566063e-14
30,185,2.5604749e-14
30,187.5,2.5643567e-14
30,190,2.5682519e-14
30,192.5,2.5721605e-14
30,195,2.5760825e-14
30,197.5,2.5800181e-14
30,200,2.5839672e-14
30,202.5,2.58793e-14
30,205,2.5919065e-14
30,207.5,2.5958968e-14
30,210,2.599901e-14
30,212.5,2.6039191e-14
30,215,2.6079513e-14
30,217.5,2.6119975e-14
30,220,2.6160578e-14
30,222.5,2.6201324e-14
30,225,2.6242212e-14
30,227.5,2.6283244e-14
30,230,2.6324421e-14
30,232.5,2.6365743e-14
30,235,2.640721e-14
30,237.5,2.6448825e-14
30,240,2.6490586e-14
30,242.5,2.6532496e-14
30,245,2.6574555e-14
30,247.5,2.6616764e-14
30,250,2.6659123e-14
30,252.5,2.6701634e-14
30,255,2.6744297e-14
30,257.5,2.6787113e-14
30,260,2.6830083e-14
30,262.5,2.6873207e-14
30,265,2.6916487e-14
30,267.5,2.6959923e-14
30,270,2.7003517e-14
30,272.5,2.7047268e-14
30,275,2.7091179e-14
30,277.5,2.7135249e-14
30,280,2.717948e-14
30,282.5,2.7223873e-14
30,285,2.7268428e-14
30,287.5,2.7313146e-14
30,290,2.7358029e-14
30,292.5,2.7403077e-14
30,295,2.7448291e-14
30,297.5,2.7493672e-14
30,300,2.7516426e-14
35,0,4.419451e-12
35,2.5,4.4222435e-12
35,5,4.4278391e-12
35,7.5,4.433449e-12
35,10,4.4390733e-12
35,12.5,4.4447119e-12
35,15,4.4503649e-12
35,17.5,4.4560325e-12
35,20,4.4617146e-12
35,22.5,4.4674114e-12
35,25,4.4731228e-12
35,27.5,4.478849e-12
35,30,4.4845899e-12
35,32.5,4.4903458e-12
35,35,4.4961166e-12
35,37.5,4.5019535e-12
35,40,4.5078126e-12
35,42.5,4.5136947e-12
35,45,4.5195988e-12
35,47.5,4.5255244e-12
35,50,4.5314712e-12
35,52.5,4.5374388e-12
35,55,4.543427e-12
35,57.5,4.5494358e-12
35,60,4.5554649e-12
35,62.5,4.5615144e-12
35,65,4.5675841e-12
35,67.5,4.5736741e-12
35,70,4.5797842e-12
35,72.5,4.5859145e-12
35,75,4.5920649e-12
35,77.5,4.5982356e-12
35,80,4.6044264e-12
35,82.5,4.6106374e-12
35,85,4.6168687e-12
35,87.5,4.6231202e-12
35,90,4.6293921e-12
35,92.5,4.6356843e-12
35,95,4.6419969e-12
35,97.5,4.6483299e-12
35,100,4.6546834e-12
35,102.5,4.6610575e-12
35,105,4.6674522e-12
35,107.5,4.6738676e-12
35,110,4.6803036e-12
35,112.5,4.6867605e-12
35,115,4.6932383e-12
35,117.5,4.699737e-12
35,120,4.7062567e-12
35,122.5,4.7127974e-12
35,125,4.7193593e-12
35,127.5,4.7259425e-12
35,130,4.732547e-12
35,132.5,4.7391728e-12
35,135,4.7458201e-12
35,137.5,4.752489e-12
35,140,4.7591795e-12
35,142.5,4.7658918e-12
35,145,4.7726258e-12
35,147.5,4.7793818e-12
35,150,4.7861597e-12
35,152.5,4.7929597e-12
35,155,4.7997819e-12
35,157.5,4.8066264e-12
35,160,4.8134932e-12
35,162.5,4.8203825e-12
35,165,4.8272943e-12
35,167.5,4.8342288e-12
35,170,4.841186e-12
35,172.5,4.8481661e-12
35,175,4.8551691e-12
35,177.5,4.8621952e-12
35,180,4.8692444e-12
35,182.5,4.8763169e-12
35,185,4.8834128e-12
35,187.5,4.8905321e-12
35,190,4.897675e-12
35,192.5,4.9048416e-12
35,195,4.9120321e-12
35,197.5,4.9192464e-12
35,200,4.9264847e-12
35,202.5,4.9337472e-12
35,205,4.941034e-12
35,207.5,4.9483451e-12
35,210,4.9556807e-12
35,212.5,4.9630409e-12
35,215,4.9704258e-12
35,217.5,4.9778356e-12
35,220,4.9852703e-12
35,222.5,4.9927301e-12
35,225,5.0002151e-12
35,227.5,5.0077254e-12
35,230,5.0152612e-12
35,232.5,5.0228226e-12
35,235,5.0304096e-12
35,237.5,5.0380225e-12
35,240,5.0456614e-12
35,242.5,5.0533264e-12
35,245,5.0610176e-12
35,247.5,5.0687351e-12
35,250,5.0764791e-12
35,252.5,5.0842498e-12
35,255,5.0920473e-12
35,257.5,5.0998716e-12
35,260,5.107723e-12
35,262.5,5.1156015e-12
35,265,5.1235074e-12
35,267.5,5.1314407e-12
35,270,5.1394017e-12
35,272.5,5.1473904e-12
35,275,5.155407e-12
35,277.5,5.1634516e-12
35,280,5.1715244e-12
35,282.5,5.1796256e-12
35,285,5.1877552e-12
35,287.5,5.1959135e-12
35,290,5.2041006e-12
35,292.5,5.2123167e-12
35,295,5.2205618e-12
35,297.5,5.2288362e-12
35,300,5.2329845e-12
40,0,4.3360042e-10
40,2.5,4.3386384e-10
40,5,4.3439164e-10
40,7.5,4.3492074e-10
40,10,4.3545113e-10
40,12.5,4.3598283e-10
40,15,4.3651584e-10
40,17.5,4.3705017e-10
40,20,4.3758581e-10
40,22.5,4.3812278e-10
40,25,4.3866108e-10
40,27.5,4.3920072e-10
40,30,4.397417e-10
40,32.5,4.4028403e-10
40,35,4.4082771e-10
40,37.5,4.4137276e-10
40,40,4.4191918e-10
40,42.5,4.4247188e-10
40,45,4.4302663e-10
40,47.5,4.4358348e-10
40,50,4.4414235e-10
40,52.5,4.447032e-10
40,55,4.4526599e-10
40,57.5,4.4583069e-10
40,60,4.4639728e-10
40,62.5,4.4696575e-10
40,65,4.4753609e-10
40,67.5,4.4810829e-10
40,70,4.4868234e-10
40,72.5,4.4925824e-10
40,75,4.4983599e-10
40,77.5,4.5041558e-10
40,80,4.5099701e-10
40,82.5,4.5158029e-10
40,85,4.5216541e-10
40,87.5,4.5275238e-10
40,90,4.533412e-10
40,92.5,4.5393187e-10
40,95,4.5452439e-10
40,97.5,4.5511876e-10
40,100,4.55715e-10
40,102.5,4.563131e-10
40,105,4.5691307e-10
40,107.5,4.5751491e-10
40,110,4.5811863e-10
40,112.5,4.5872424e-10
40,115,4.5933173e-10
40,117.5,4.5994111e-10
40,120,4.605524e-10
40,122.5,4.6116559e-10
40,125,4.6178069e-10
40,127.5,4.6239771e-10
40,130,4.6301666e-10
40,132.5,4.6363753e-10
40,135,4.6426035e-10
40,137.5,4.648851e-10
40,140,4.6551181e-10
40,142.5,4.6614048e-10
40,145,4.6677111e-10
40,147.5,4.6740372e-10
40,150,4.680383e-10
40,152.5,4.6867488e-10
40,155,4.6931345e-10
40,157.5,4.6995402e-10
40,160,4.7059661e-10
40,162.5,4.7124121e-10
40,165,4.7188784e-10
40,167.5,4.7253651e-10
40,170,4.7318723e-10
40,172.5,4.7383999e-10
40,175,4.7449482e-10
40,177.5,4.7515172e-10
40,180,4.7581069e-10
40,182.5,4.7647175e-10
40,185,4.7713491e-10
40,187.5,4.7780018e-10
40,190,4.7846756e-10
40,192.5,4.7913706e-10
40,195,4.798087e-10
40,197.5,4.8048248e-10
40,200,4.8115841e-10
40,202.5,4.818365e-10
40,205,4.8251676e-10
40,207.5,4.831992e-10
40,210,4.8388384e-10
40,212.5,4.8457067e-10
40,215,4.8525972e-10
40,217.5,4.8595099e-10
40,220,4.8664448e-10
40,222.5,4.8734022e-10
40,225,4.8803821e-10
40,227.5,4.8873847e-10
40,230,4.8944099e-10
40,232.5,4.901458e-10
40,235,4.9085291e-10
40,237.5,4.9156231e-10
40,240,4.9227404e-10
40,242.5,4.9298809e-10
40,245,4.9370448e-10
40,247.5,4.9442322e-10
40,250,4.9514432e-10
40,252.5,4.9586779e-10
40,255,4.9659364e-10
40,257.5,4.9732189e-10
40,260,4.9805255e-10
40,262.5,4.9878562e-10
40,265,4.9952113e-10
40,267.5,5.0025908e-10
40,270,5.0099948e-10
40,272.5,5.0174235e-10
40,275,5.024877e-10
40,277.5,5.0323554e-10
40,280,5.0398589e-10
40,282.5,5.0473875e-10
40,285,5.0549414e-10
40,287.5,5.0625207e-10
40,290,5.0701256e-10
40,292.5,5.0777561e-10
40,295,5.0854125e-10
40,297.5,5.0930948e-10
40,300,5.0969457e-10
45,0,2.3604913e-08
45,2.5,2.3618624e-08
45,5,2.3646095e-08
45,7.5,2.367363e-08
45,10,2.3701229e-08
45,12.5,2.3728894e-08
45,15,2.3756623e-08
45,17.5,2.3784418e-08
45,20,2.3812279e-08
45,22.5,2.3840205e-08
45,25,2.3868198e-08
45,27.5,2.3896257e-08
45,30,2.3924383e-08
45,32.5,2.3952576e-08
45,35,2.3980836e-08
45,37.5,2.4009164e-08
45,40,2.4037561e-08
45,42.5,2.4066026e-08
45,45,2.409456e-08
45,47.5,2.4123421e-08
45,50,2.4152385e-08
45,52.5,2.4181455e-08
45,55,2.4210627e-08
45,57.5,2.4239898e-08
45,60,2.4269266e-08
45,62.5,2.4298731e-08
45,65,2.432829e-08
45,67.5,2.4357944e-08
45,70,2.4387692e-08
45,72.5,2.4417533e-08
45,75,2.4447467e-08
45,77.5,2.4477493e-08
45,80,2.4507612e-08
45,82.5,2.4537824e-08
45,85,2.4568128e-08
45,87.5,2.4598524e-08
45,90,2.4629012e-08
45,92.5,2.4659593e-08
45,95,2.4690266e-08
45,97.5,2.4721032e-08
45,100,2.475189e-08
45,102.5,2.4782842e-08
45,105,2.4813886e-08
45,107.5,2.4845023e-08
45,110,2.4876254e-08
45,112.5,2.4907578e-08
45,115,2.4938996e-08
45,117.5,2.4970508e-08
45,120,2.5002114e-08
45,122.5,2.5033814e-08
45,125,2.5065609e-08
45,127.5,2.50975e-08
45,130,2.5129485e-08
45,132.5,2.5161566e-08
45,135,2.5193743e-08
45,137.5,2.5226016e-08
45,140,2.5258386e-08
45,142.5,2.5290852e-08
45,145,2.5323416e-08
45,147.5,2.5356077e-08
45,150,2.5388835e-08
45,152.5,2.5421692e-08
45,155,2.5454647e-08
45,157.5,2.5487701e-08
45,160,2.5520855e-08
45,162.5,2.5554107e-08
45,165,2.558746e-08
45,167.5,2.5620913e-08
45,170,2.5654467e-08
45,172.5,2.5688122e-08
45,175,2.5721878e-08
45,177.5,2.5755736e-08
45,180,2.5789696e-08
45,182.5,2.5823759e-08
45,185,2.5857925e-08
45,187.5,2.5892194e-08
45,190,2.5926567e-08
45,192.5,2.5961045e-08
45,195,2.5995627e-08
45,197.5,2.6030315e-08
45,200,2.6065108e-08
45,202.5,2.6100007e-08
45,205,2.6135012e-08
45,207.5,2.6170125e-08
45,210,2.6205344e-08
45,212.5,2.6240672e-08
45,215,2.6276108e-08
45,217.5,2.6311653e-08
45,220,2.6347307e-08
45,222.5,2.638307e-08
45,225,2.6418944e-08
45,227.5,2.6454928e-08
45,230,2.6491024e-08
45,232.5,2.6527231e-08
45,235,2.656355e-08
45,237.5,2.6599982e-08
45,240,2.6636527e-08
45,242.5,2.6673186e-08
45,245,2.6709958e-08
45,247.5,2.6746846e-08
45,250,2.6783848e-08
45,252.5,2.6820967e-08
45,255,2.6858201e-08
45,257.5,2.6895552e-08
45,260,2.6933021e-08
45,262.5,2.6970607e-08
45,265,2.7008312e-08
45,267.5,2.7046136e-08
45,270,2.7084079e-08
45,272.5,2.7122142e-08
45,275,2.7160326e-08
45,277.5,2.7198631e-08
45,280,2.7237057e-08
45,282.5,2.7275606e-08
45,285,2.7314278e-08
45,287.5,2.7353074e-08
45,290,2.7391993e-08
45,292.5,2.7431037e-08
45,295,2.7470207e-08
45,297.5,2.7509502e-08
45,300,2.7529197e-08
50,0,7.6106e-07
50,2.5,7.6148e-07
50,5,7.623214e-07
50,7.5,7.6316467e-07
50,10,7.6400982e-07
50,12.5,7.6485686e-07
50,15,7.657058e-07
50,17.5,7.6655663e-07
50,20,7.6740938e-07
50,22.5,7.6826405e-07
50,25,7.6912064e-07
50,27.5,7.6997916e-07
50,30,7.7083963e-07
50,32.5,7.7170205e-07
50,35,7.7256642e-07
50,37.5,7.7343277e-07
50,40,7.743011e-07
50,42.5,7.7517143e-07
50,45,7.7604376e-07
50,47.5,7.7691812e-07
50,50,7.7779452e-07
50,52.5,7.7868084e-07
50,55,7.7957018e-07
50,57.5,7.8046263e-07
50,60,7.8135808e-07
50,62.5,7.8225644e-07
50,65,7.8315766e-07
50,67.5,7.840617e-07
50,70,7.8496852e-07
50,72.5,7.8587812e-07
50,75,7.8679045e-07
50,77.5,7.8770552e-07
50,80,7.8862332e-07
50,82.5,7.8954382e-07
50,85,7.9046703e-07
50,87.5,7.9139295e-07
50,90,7.9232156e-07
50,92.5,7.9325287e-07
50,95,7.9418688e-07
50,97.5,7.9512359e-07
50,100,7.96063e-07
50,102.5,7.9700511e-07
50,105,7.9794992e-07
50,107.5,7.9889744e-07
50,110,7.9984767e-07
50,112.5,8.0080062e-07
50,115,8.0175628e-07
50,117.5,8.0271468e-07
50,120,8.036758e-07
50,122.5,8.0463966e-07
50,125,8.0560626e-07
50,127.5,8.0657561e-07
50,130,8.0754772e-07
50,132.5,8.085226e-07
50,135,8.0950024e-07
50,137.5,8.1048066e-07
50,140,8.1146387e-07
50,142.5,8.1244988e-07
50,145,8.1343868e-07
50,147.5,8.144303e-07
50,150,8.1542473e-07
50,152.5,8.16422e-07
50,155,8.174221e-07
50,157.5,8.1842505e-07
50,160,8.1943086e-07
50,162.5,8.2043953e-07
50,165,8.2145108e-07
50,167.5,8.2246551e-07
50,170,8.2348283e-07
50,172.5,8.2450307e-07
50,175,8.2552621e-07
50,177.5,8.2655228e-07
50,180,8.2758129e-07
50,182.5,8.2861325e-07
50,185,8.2964816e-07
50,187.5,8.3068604e-07
50,190,8.317269e-07
50,192.5,8.3277075e-07
50,195,8.338176e-07
50,197.5,8.3486747e-07
50,200,8.3592036e-07
50,202.5,8.3697628e-07
50,205,8.3803526e-07
50,207.5,8.3909729e-07
50,210,8.4016239e-07
50,212.5,8.4123058e-07
50,215,8.4230187e-07
50,217.5,8.4337626e-07
50,220,8.4445378e-07
50,222.5,8.4553442e-07
50,225,8.4661822e-07
50,227.5,8.4770517e-07
50,230,8.4879529e-07
50,232.5,8.498886e-07
50,235,8.5098511e-07
50,237.5,8.5208482e-07
50,240,8.5318776e-07
50,242.5,8.5429394e-07
50,245,8.5540337e-07
50,247.5,8.5651606e-07
50,250,8.5763204e-07
50,252.5,8.587513e-07
50,255,8.5987387e-07
50,257.5,8.6099976e-07
50,260,8.6212899e-07
50,262.5,8.6326157e-07
50,265,8.643975e-07
50,267.5,8.6553682e-07
50,270,8.6667953e-07
50,272.5,8.6782565e-07
50,275,8.6897519e-07
50,277.5,8.7012816e-07
50,280,8.7128459e-07
50,282.5,8.7244449e-07
50,285,8.7360787e-07
50,287.5,8.7477475e-07
50,290,8.7594514e-07
50,292.5,8.7711907e-07
50,295,8.7829653e-07
50,297.5,8.7947756e-07
50,300,8.8006942e-07
55,0,1.5363497e-05
55,2.5,1.5371495e-05
55,5,1.5387514e-05
55,7.5,1.5403568e-05
55,10,1.5419655e-05
55,12.5,1.5435776e-05
55,15,1.5451931e-05
55,17.5,1.5468121e-05
55,20,1.5484344e-05
55,22.5,1.5500602e-05
55,25,1.5516895e-05
55,27.5,1.5533222e-05
55,30,1.5549584e-05
55,32.5,1.5565981e-05
55,35,1.5582414e-05
55,37.5,1.5598882e-05
55,40,1.5615385e-05
55,42.5,1.5631924e-05
55,45,1.5648499e-05
55,47.5,1.5665111e-05
55,50,1.5681759e-05
55,52.5,1.5698444e-05
55,55,1.5715166e-05
55,57.5,1.5732074e-05
55,60,1.5749035e-05
55,62.5,1.5766054e-05
55,65,1.5783126e-05
55,67.5,1.5800252e-05
55,70,1.5817429e-05
55,72.5,1.5834656e-05
55,75,1.5851935e-05
55,77.5,1.5869263e-05
55,80,1.5886641e-05
55,82.5,1.5904068e-05
55,85,1.5921544e-05
55,87.5,1.593907e-05
55,90,1.5956643e-05
55,92.5,1.5974266e-05
55,95,1.5991938e-05
55,97.5,1.6009657e-05
55,100,1.6027426e-05
55,102.5,1.6045243e-05
55,105,1.6063109e-05
55,107.5,1.6081023e-05
55,110,1.6098985e-05
55,112.5,1.6116997e-05
55,115,1.6135057e-05
55,117.5,1.6153166e-05
55,120,1.6171324e-05
55,122.5,1.618953e-05
55,125,1.6207786e-05
55,127.5,1.6226091e-05
55,130,1.6244445e-05
55,132.5,1.6262848e-05
55,135,1.62813e-05
55,137.5,1.6299803e-05
55,140,1.6318354e-05
55,142.5,1.6336956e-05
55,145,1.6355607e-05
55,147.5,1.6374309e-05
55,150,1.639306e-05
55,152.5,1.6411862e-05
55,155,1.6430714e-05
55,157.5,1.6449617e-05
55,160,1.646857e-05
55,162.5,1.6487575e-05
55,165,1.650663e-05
55,167.5,1.6525737e-05
55,170,1.6544894e-05
55,172.5,1.6564104e-05
55,175,1.6583364e-05
55,177.5,1.6602677e-05
55,180,1.6622042e-05
55,182.5,1.6641459e-05
55,185,1.6660928e-05
55,187.5,1.6680449e-05
55,190,1.6700023e-05
55,192.5,1.6719651e-05
55,195,1.6739331e-05
55,197.5,1.6759064e-05
55,200,1.6778851e-05
55,202.5,1.6798691e-05
55,205,1.6818585e-05
55,207.5,1.6838533e-05
55,210,1.6858535e-05
55,212.5,1.6878591e-05
55,215,1.6898702e-05
55,217.5,1.6918868e-05
55,220,1.6939088e-05
55,222.5,1.6959364e-05
55,225,1.6979695e-05
55,227.5,1.7000082e-05
55,230,1.7020524e-05
55,232.5,1.7041023e-05
55,235,1.7061577e-05
55,237.5,1.7082188e-05
55,240,1.7102856e-05
55,242.5,1.712358e-05
55,245,1.7144361e-05
55,247.5,1.71652e-05
55,250,1.7186096e-05
55,252.5,1.720705e-05
55,255,1.7228061e-05
55,257.5,1.7249131e-05
55,260,1.727026e-05
55,262.5,1.7291446e-05
55,265,1.7312692e-05
55,267.5,1.7333997e-05
55,270,1.7355361e-05
55,272.5,1.7376785e-05
55,275,1.7398268e-05
55,277.5,1.7419812e-05
55,280,1.7441416e-05
55,282.5,1.746308e-05
55,285,1.7484805e-05
55,287.5,1.7506592e-05
55,290,1.7528439e-05
55,292.5,1.7550348e-05
55,295,1.7572319e-05
55,297.5,1.7594352e-05
55,300,1.7605391e-05
60,0,0.00020392072
60,2.5,0.00020402003
60,5,0.00020421896
60,7.5,0.00020441827
60,10,0.00020461797
60,12.5,0.00020481807
60,15,0.00020501856
60,17.5,0.00020521945
60,20,0.00020542074
60,22.5,0.00020562243
60,25,0.00020582452
60,27.5,0.00020602701
60,30,0.00020622991
60,32.5,0.00020643321
60,35,0.00020663693
60,37.5,0.00020684105
60,40,0.00020704559
60,42.5,0.00020725054
60,45,0.00020745592
60,47.5,0.00020766171
60,50,0.00020786793
60,52.5,0.00020807457
60,55,0.00020828165
60,57.5,0.00020848918
60,60,0.00020869714
60,62.5,0.00020890732
60,65,0.00020911814
60,67.5,0.00020932962
60,70,0.00020954173
60,72.5,0.00020975446
60,75,0.0002099678
60,77.5,0.00021018172
60,80,0.00021039624
60,82.5,0.00021061134
60,85,0.00021082702
60,87.5,0.00021104327
60,90,0.0002112601
60,92.5,0.00021147749
60,95,0.00021169545
60,97.5,0.00021191398
60,100,0.00021213308
60,102.5,0.00021235274
60,105,0.00021257296
60,107.5,0.00021279375
60,110,0.0002130151
60,112.5,0.00021323702
60,115,0.0002134595
60,117.5,0.00021368255
60,120,0.00021390616
60,122.5,0.00021413033
60,125,0.00021435508
60,127.5,0.00021458039
60,130,0.00021480626
60,132.5,0.00021503271
60,135,0.00021525972
60,137.5,0.00021548731
60,140,0.00021571546
60,142.5,0.00021594419
60,145,0.00021617349
60,147.5,0.00021640337
60,150,0.00021663382
60,152.5,0.00021686485
60,155,0.00021709646
60,157.5,0.00021732865
60,160,0.00021756143
60,162.5,0.00021779478
60,165,0.00021802872
60,167.5,0.00021826325
60,170,0.00021849836
60,172.5,0.00021873406
60,175,0.00021897036
60,177.5,0.00021920724
60,180,0.00021944472
60,182.5,0.0002196828
60,185,0.00021992147
60,187.5,0.00022016075
60,190,0.00022040062
60,192.5,0.0002206411
60,195,0.00022088218
60,197.5,0.00022112387
60,200,0.00022136617
60,202.5,0.00022160908
60,205,0.0002218526
60,207.5,0.00022209674
60,210,0.00022234149
60,212.5,0.00022258686
60,215,0.00022283286
60,217.5,0.00022307947
60,220,0.00022332671
60,222.5,0.00022357457
60,225,0.00022382307
60,227.5,0.00022407219
60,230,0.00022432195
60,232.5,0.00022457234
60,235,0.00022482337
60,237.5,0.00022507504
60,240,0.00022532735
60,242.5,0.00022558031
60,245,0.00022583391
60,247.5,0.00022608816
60,250,0.00022634306
60,252.5,0.00022659861
60,255,0.00022685482
60,257.5,0.00022711169
60,260,0.00022736922
60,262.5,0.0002276274
60,265,0.00022788626
60,267.5,0.00022814578
60,270,0.00022840597
60,272.5,0.00022866684
60,275,0.00022892837
60,277.5,0.00022919059
60,280,0.00022945349
60,282.5,0.00022971706
60,285,0.00022998133
60,287.5,0.00023024628
60,290,0.00023051192
60,292.5,0.00023077825
60,295,0.00023104528
60,297.5,0.000231313
60,300,0.00023144713
65,0,0.001859778
65,2.5,0.0018606178
65,5,0.0018622996
65,7.5,0.0018639845
65,10,0.0018656725
65,12.5,0.0018673636
65,15,0.0018690578
65,17.5,0.0018707551
65,20,0.0018724555
65,22.5,0.001874159
65,25,0.0018758657
65,27.5,0.0018775756
65,30,0.0018792886
65,32.5,0.0018810048
65,35,0.0018827242
65,37.5,0.0018844469
65,40,0.0018861728
65,42.5,0.0018879019
65,45,0.0018896343
65,47.5,0.0018913701
65,50,0.0018931091
65,52.5,0.0018948515
65,55,0.0018965973
65,57.5,0.0018983466
65,60,0.0019000993
65,62.5,0.0019018556
65,65,0.0019036155
65,67.5,0.0019053931
65,70,0.0019071758
65,72.5,0.0019089637
65,75,0.0019107566
65,77.5,0.0019125544
65,80,0.0019143569
65,82.5,0.0019161641
65,85,0.0019179759
65,87.5,0.0019197923
65,90,0.0019216133
65,92.5,0.0019234387
65,95,0.0019252687
65,97.5,0.0019271031
65,100,0.001928942
65,102.5,0.0019307853
65,105,0.001932633
65,107.5,0.0019344852
65,110,0.0019363418
65,112.5,0.0019382028
65,115,0.0019400682
65,117.5,0.0019419381
65,120,0.0019438123
65,122.5,0.001945691
65,125,0.001947574
65,127.5,0.0019494615
65,130,0.0019513534
65,132.5,0.0019532497
65,135,0.0019551505
65,137.5,0.0019570557
65,140,0.0019589653
65,142.5,0.0019608794
65,145,0.0019627979
65,147.5,0.0019647209
65,150,0.0019666483
65,152.5,0.0019685802
65,155,0.0019705166
65,157.5,0.0019724575
65,160,0.0019744029
65,162.5,0.0019763528
65,165,0.0019783072
65,167.5,0.0019802662
65,170,0.0019822297
65,172.5,0.0019841977
65,175,0.0019861703
65,177.5,0.0019881475
65,180,0.0019901292
65,182.5,0.0019921156
65,185,0.0019941065
65,187.5,0.0019961021
65,190,0.0019981023
65,192.5,0.0020001071
65,195,0.0020021166
65,197.5,0.0020041308
65,200,0.0020061496
65,202.5,0.0020081732
65,205,0.0020102014
65,207.5,0.0020122343
65,210,0.002014272
65,212.5,0.0020163144
65,215,0.0020183616
65,217.5,0.0020204136
65,220,0.0020224703
65,222.5,0.0020245319
65,225,0.0020265982
65,227.5,0.0020286694
65,230,0.0020307454
65,232.5,0.0020328263
65,235,0.0020349121
65,237.5,0.0020370027
65,240,0.0020390983
65,242.5,0.0020411987
65,245,0.0020433041
65,247.5,0.0020454145
65,250,0.0020475298
65,252.5,0.0020496501
65,255,0.0020517754
65,257.5,0.0020539057
65,260,0.0020560411
65,262.5,0.0020581815
65,265,0.0020603269
65,267.5,0.0020624774
65,270,0.0020646331
65,272.5,0.0020667938
65,275,0.0020689597
65,277.5,0.0020711307
65,280,0.0020733069
65,282.5,0.0020754883
65,285,0.0020776748
65,287.5,0.0020798666
65,290,0.0020820637
65,292.5,0.0020842659
65,295,0.0020864735
65,297.5,0.0020886863
65,300,0.0020897947
70,0,0.012133976
70,2.5,0.012139005
70,5,0.012149076
70,7.5,0.012159164
70,10,0.012169268
70,12.5,0.01217939
70,15,0.012189529
70,17.5,0.012199685
70,20,0.012209858
70,22.5,0.012220048
70,25,0.012230256
70,27.5,0.012240481
70,30,0.012250723
70,32.5,0.012260983
70,35,0.012271261
70,37.5,0.012281556
70,40,0.012291869
70,42.5,0.012302201
70,45,0.01231255
70,47.5,0.012322917
70,50,0.012333303
70,52.5,0.012343707
70,55,0.01235413
70,57.5,0.012364572
70,60,0.012375032
70,62.5,0.012385512
70,65,0.012396012
70,67.5,0.012406533
70,70,0.012417074
70,72.5,0.012427713
70,75,0.012438381
70,77.5,0.012449078
70,80,0.012459802
70,82.5,0.012470553
70,85,0.012481331
70,87.5,0.012492134
70,90,0.012502962
70,92.5,0.012513816
70,95,0.012524694
70,97.5,0.012535598
70,100,0.012546526
70,102.5,0.012557479
70,105,0.012568456
70,107.5,0.012579458
70,110,0.012590484
70,112.5,0.012601534
70,115,0.012612608
70,117.5,0.012623707
70,120,0.01263483
70,122.5,0.012645976
70,125,0.012657148
70,127.5,0.012668343
70,130,0.012679562
70,132.5,0.012690806
70,135,0.012702073
70,137.5,0.012713365
70,140,0.012724681
70,142.5,0.012736021
70,145,0.012747386
70,147.5,0.012758774
70,150,0.012770187
70,152.5,0.012781624
70,155,0.012793086
70,157.5,0.012804572
70,160,0.012816082
70,162.5,0.012827617
70,165,0.012839176
70,167.5,0.01285076
70,170,0.012862368
70,172.5,0.012874001
70,175,0.012885659
70,177.5,0.012897342
70,180,0.012909049
70,182.5,0.012920781
70,185,0.012932538
70,187.5,0.012944319
70,190,0.012956126
70,192.5,0.012967958
70,195,0.012979815
70,197.5,0.012991697
70,200,0.013003604
70,202.5,0.013015537
70,205,0.013027494
70,207.5,0.013039478
70,210,0.013051486
70,212.5,0.013063521
70,215,0.01307558
70,217.5,0.013087666
70,220,0.013099777
70,222.5,0.013111914
70,225,0.013124076
70,227.5,0.013136265
70,230,0.01314848
70,232.5,0.01316072
70,235,0.013172987
70,237.5,0.01318528
70,240,0.013197599
70,242.5,0.013209945
70,245,0.013222317
70,247.5,0.013234716
70,250,0.013247141
70,252.5,0.013259592
70,255,0.013272071
70,257.5,0.013284576
70,260,0.013297108
70,262.5,0.013309667
70,265,0.013322253
70,267.5,0.013334866
70,270,0.013347506
70,272.5,0.013360174
70,275,0.013372869
70,277.5,0.013385591
70,280,0.013398341
70,282.5,0.013411118
70,285,0.013423924
70,287.5,0.013436756
70,290,0.013449617
70,292.5,0.013462506
70,295,0.013475422
70,297.5,0.013488367
70,300,0.01349485
75,0,0.058790896
75,2.5,0.058813017
75,5,0.05885731
75,7.5,0.05890167
75,10,0.058946098
75,12.5,0.058990595
75,15,0.059035159
75,17.5,0.059079792
75,20,0.059124493
75,22.5,0.059169263
75,25,0.059214103
75,27.5,0.059259013
75,30,0.059303992
75,32.5,0.059349042
75,35,0.059394162
75,37.5,0.059439353
75,40,0.059484616
75,42.5,0.05952995
75,45,0.059575357
75,47.5,0.059620837
75,50,0.05966639
75,52.5,0.059712016
75,55,0.059757718
75,57.5,0.059803495
75,60,0.059849348
75,62.5,0.059895278
75,65,0.059941287
75,67.5,0.059987376
75,70,0.060033546
75,72.5,0.060079802
75,75,0.060126143
75,77.5,0.060172883
75,80,0.060219735
75,82.5,0.060266703
75,85,0.060313782
75,87.5,0.060360967
75,90,0.060408257
75,92.5,0.060455651
75,95,0.060503146
75,97.5,0.060550742
75,100,0.060598438
75,102.5,0.060646232
75,105,0.060694125
75,107.5,0.060742116
75,110,0.060790205
75,112.5,0.06083839
75,115,0.060886673
75,117.5,0.060935051
75,120,0.060983527
75,122.5,0.061032098
75,125,0.061080766
75,127.5,0.061129529
75,130,0.061178388
75,132.5,0.061227343
75,135,0.061276394
75,137.5,0.061325541
75,140,0.061374783
75,142.5,0.061424122
75,145,0.061473556
75,147.5,0.061523085
75,150,0.061572711
75,152.5,0.061622433
75,155,0.061672251
75,157.5,0.061722165
75,160,0.061772175
75,162.5,0.061822281
75,165,0.061872484
75,167.5,0.061922784
75,170,0.06197318
75,172.5,0.062023673
75,175,0.062074263
75,177.5,0.06212495
75,180,0.062175735
75,182.5,0.062226616
75,185,0.062277596
75,187.5,0.062328673
75,190,0.062379848
75,192.5,0.062431122
75,195,0.062482493
75,197.5,0.062533963
75,200,0.062585532
75,202.5,0.0626372
75,205,0.062688966
75,207.5,0.062740832
75,210,0.062792798
75,212.5,0.062844863
75,215,0.062897028
75,217.5,0.062949293
75,220,0.063001658
75,222.5,0.063054124
75,225,0.063106691
75,227.5,0.063159359
75,230,0.063212128
75,232.5,0.063264998
75,235,0.063317971
75,237.5,0.063371045
75,240,0.063424221
75,242.5,0.0634775
75,245,0.063530881
75,247.5,0.063584366
75,250,0.063637953
75,252.5,0.063691644
75,255,0.063745439
75,257.5,0.063799338
75,260,0.063853341
75,262.5,0.063907448
75,265,0.06396166
75,267.5,0.064015977
75,270,0.0640704
75,272.5,0.064124928
75,275,0.064179562
75,277.5,0.064234302
75,280,0.064289148
75,282.5,0.064344102
75,285,0.064399162
75,287.5,0.064454329
75,290,0.064509604
75,292.5,0.064564987
75,295,0.064620478
75,297.5,0.064676077
75,300,0.064703917
80,0,0.21903967
80,2.5,0.2191136
80,5,0.2192616
80,7.5,0.21940981
80,10,0.21955823
80,12.5,0.21970685
80,15,0.21985567
80,17.5,0.2200047
80,20,0.22015394
80,22.5,0.22030338
80,25,0.22045303
80,27.5,0.22060289
80,30,0.22075296
80,32.5,0.22090325
80,35,0.22105374
80,37.5,0.22120445
80,40,0.22135538
80,42.5,0.22150652
80,45,0.22165788
80,47.5,0.22180946
80,50,0.22196126
80,52.5,0.22211328
80,55,0.22226553
80,57.5,0.222418
80,60,0.2225707
80,62.5,0.22272363
80,65,0.2228768
80,67.5,0.22303021
80,70,0.22318386
80,72.5,0.22333776
80,75,0.22349192
80,77.5,0.22364634
80,80,0.22380103
80,82.5,0.22395692
80,85,0.22411314
80,87.5,0.22426971
80,90,0.22442662
80,92.5,0.22458384
80,95,0.22474139
80,97.5,0.22489923
80,100,0.22505739
80,102.5,0.22521584
80,105,0.2253746
80,107.5,0.22553365
80,110,0.22569299
80,112.5,0.22585262
80,115,0.22601255
80,117.5,0.22617277
80,120,0.22633327
80,122.5,0.22649407
80,125,0.22665515
80,127.5,0.22681651
80,130,0.22697817
80,132.5,0.2271401
80,135,0.22730233
80,137.5,0.22746484
80,140,0.22762763
80,142.5,0.22779071
80,145,0.22795407
80,147.5,0.22811772
80,150,0.22828165
80,152.5,0.22844586
80,155,0.22861036
80,157.5,0.22877515
80,160,0.22894022
80,162.5,0.22910557
80,165,0.22927121
80,167.5,0.22943714
80,170,0.22960335
80,172.5,0.22976984
80,175,0.22993662
80,177.5,0.23010369
80,180,0.23027104
80,182.5,0.23043868
80,185,0.23060661
80,187.5,0.23077483
80,190,0.23094333
80,192.5,0.23111213
80,195,0.23128121
80,197.5,0.23145058
80,200,0.23162024
80,202.5,0.23179019
80,205,0.23196043
80,207.5,0.23213096
80,210,0.23230178
80,212.5,0.23247289
80,215,0.2326443
80,217.5,0.232816
80,220,0.23298799
80,222.5,0.23316028
80,225,0.23333286
80,227.5,0.23350574
80,230,0.23367891
80,232.5,0.23385238
80,235,0.23402614
80,237.5,0.2342002
80,240,0.23437456
80,242.5,0.23454922
80,245,0.23472418
80,247.5,0.23489943
80,250,0.23507499
80,252.5,0.23525085
80,255,0.235427
80,257.5,0.23560346
80,260,0.23578023
80,262.5,0.23595729
80,265,0.23613466
80,267.5,0.23631234
80,270,0.23649031
80,272.5,0.2366686
80,275,0.23684719
80,277.5,0.23702609
80,280,0.23720529
80,282.5,0.23738481
80,285,0.23756463
80,287.5,0.23774476
80,290,0.23792521
80,292.5,0.23810596
80,295,0.23828702
80,297.5,0.2384684
80,300,0.23855921
85,0,0.64838924
85,2.5,0.64858295
85,5,0.64897073
85,7.5,0.64935897
85,10,0.64974769
85,12.5,0.65013688
85,15,0.65052656
85,17.5,0.6509167
85,20,0.65130734
85,22.5,0.65169845
85,25,0.65209005
85,27.5,0.65248213
85,30,0.65287471
85,32.5,0.65326778
85,35,0.65366134
85,37.5,0.6540554
85,40,0.65444997
85,42.5,0.65484503
85,45,0.6552406
85,47.5,0.65563669
85,50,0.65603329
85,52.5,0.6564304
85,55,0.65682804
85,57.5,0.65722621
85,60,0.65762491
85,62.5,0.65802415
85,65,0.65842393
85,67.5,0.65882427
85,70,0.65922516
85,72.5,0.65962663
85,75,0.66002869
85,77.5,0.66043134
85,80,0.66083461
85,82.5,0.66123853
85,85,0.66164311
85,87.5,0.66205042
85,90,0.66245853
85,92.5,0.66286744
85,95,0.66327711
85,97.5,0.66368753
85,100,0.66409868
85,102.5,0.66451053
85,105,0.66492309
85,107.5,0.66533634
85,110,0.66575027
85,112.5,0.66616489
85,115,0.66658018
85,117.5,0.66699615
85,120,0.66741278
85,122.5,0.66783008
85,125,0.66824804
85,127.5,0.66866666
85,130,0.66908594
85,132.5,0.66950587
85,135,0.66992646
85,137.5,0.6703477
85,140,0.67076959
85,142.5,0.67119214
85,145,0.67161533
85,147.5,0.67203917
85,150,0.67246367
85,152.5,0.67288881
85,155,0.6733146
85,157.5,0.67374103
85,160,0.67416812
85,162.5,0.67459585
85,165,0.67502423
85,167.5,0.67545325
85,170,0.67588293
85,172.5,0.67631325
85,175,0.67674422
85,177.5,0.67717583
85,180,0.6776081
85,182.5,0.67804101
85,185,0.67847457
85,187.5,0.67890878
85,190,0.67934364
85,192.5,0.67977915
85,195,0.68021531
85,197.5,0.68065212
85,200,0.68108958
85,202.5,0.6815277
85,205,0.68196646
85,207.5,0.68240588
85,210,0.68284595
85,212.5,0.68328668
85,215,0.68372806
85,217.5,0.6841701
85,220,0.68461279
85,222.5,0.68505614
85,225,0.68550014
85,227.5,0.68594481
85,230,0.68639013
85,232.5,0.68683612
85,235,0.68728276
85,237.5,0.68773007
85,240,0.68817804
85,242.5,0.68862667
85,245,0.68907596
85,247.5,0.68952592
85,250,0.68997654
85,252.5,0.69042783
85,255,0.69087979
85,257.5,0.69133241
85,260,0.69178571
85,262.5,0.69223967
85,265,0.6926943
85,267.5,0.69314961
85,270,0.69360559
85,272.5,0.69406224
85,275,0.69451956
85,277.5,0.69497756
85,280,0.69543623
85,282.5,0.69589558
85,285,0.69635561
85,287.5,0.69681632
85,290,0.69727771
85,292.5,0.69773978
85,295,0.69820252
85,297.5,0.69866595
85,300,0.69889793
90,0,1.5725066
90,2.5,1.5729163
90,5,1.5737364
90,7.5,1.5745572
90,10,1.575379
90,12.5,1.5762016
90,15,1.5770251
90,17.5,1.5778495
90,20,1.5786748
90,22.5,1.579501
90,25,1.580328
90,27.5,1.581156
90,30,1.5819848
90,32.5,1.5828146
90,35,1.5836452
90,37.5,1.5844768
90,40,1.5853093
90,42.5,1.5861428
90,45,1.5869771
90,47.5,1.5878124
90,50,1.5886487
90,52.5,1.5894859
90,55,1.590324
90,57.5,1.5911631
90,60,1.5920032
90,62.5,1.5928443
90,65,1.5936864
90,67.5,1.5945295
90,70,1.5953737
90,72.5,1.5962188
90,75,1.597065
90,77.5,1.5979123
90,80,1.5987608
90,82.5,1.5996103
90,85,1.600461
90,87.5,1.601313
90,90,1.6021662
90,92.5,1.6030244
90,95,1.6038839
90,97.5,1.6047449
90,100,1.6056074
90,102.5,1.6064711
90,105,1.6073362
90,107.5,1.6082025
90,110,1.6090701
90,112.5,1.6099389
90,115,1.610809
90,117.5,1.6116803
90,120,1.6125528
90,122.5,1.6134265
90,125,1.6143014
90,127.5,1.6151775
90,130,1.6160547
90,132.5,1.6169332
90,135,1.6178128
90,137.5,1.6186936
90,140,1.6195755
90,142.5,1.6204586
90,145,1.6213429
90,147.5,1.6222283
90,150,1.6231149
90,152.5,1.6240026
90,155,1.6248914
90,157.5,1.6257814
90,160,1.6266726
90,162.5,1.6275649
90,165,1.6284583
90,167.5,1.6293529
90,170,1.6302485
90,172.5,1.6311454
90,175,1.6320433
90,177.5,1.6329424
90,180,1.6338427
90,182.5,1.634744
90,185,1.6356465
90,187.5,1.6365501
90,190,1.6374549
90,192.5,1.6383608
90,195,1.6392678
90,197.5,1.6401759
90,200,1.6410852
90,202.5,1.6419955
90,205,1.6429071
90,207.5,1.6438197
90,210,1.6447334
90,212.5,1.6456483
90,215,1.6465643
90,217.5,1.6474815
90,220,1.6483997
90,222.5,1.6493191
90,225,1.6502396
90,227.5,1.6511613
90,230,1.652084
90,232.5,1.6530079
90,235,1.6539329
90,237.5,1.654859
90,240,1.6557863
90,242.5,1.6567147
90,245,1.6576442
90,247.5,1.6585748
90,250,1.6595065
90,252.5,1.6604394
90,255,1.6613734
90,257.5,1.6623085
90,260,1.6632448
90,262.5,1.6641822
90,265,1.6651207
90,267.5,1.6660603
90,270,1.667001
90,272.5,1.6679429
90,275,1.6688859
90,277.5,1.6698301
90,280,1.6707753
90,282.5,1.6717217
90,285,1.6726692
90,287.5,1.6736178
90,290,1.6745676
90,292.5,1.6755185
90,295,1.6764705
90,297.5,1.6774237
90,300,1.6779007
95,0,3.2164119
95,2.5,3.2171304
95,5,3.2185682
95,7.5,3.2200072
95,10,3.2214476
95,12.5,3.2228892
95,15,3.2243321
95,17.5,3.2257763
95,20,3.2272218
95,22.5,3.2286686
95,25,3.2301167
95,27.5,3.2315661
95,30,3.2330168
95,32.5,3.2344688
95,35,3.2359222
95,37.5,3.2373769
95,40,3.238833
95,42.5,3.2402904
95,45,3.2417492
95,47.5,3.2432093
95,50,3.2446709
95,52.5,3.2461338
95,55,3.2475981
95,57.5,3.2490638
95,60,3.250531
95,62.5,3.2519996
95,65,3.2534696
95,67.5,3.2549411
95,70,3.2564141
95,72.5,3.2578886
95,75,3.2593647
95,77.5,3.2608422
95,80,3.2623214
95,82.5,3.2638022
95,85,3.2652846
95,87.5,3.2667687
95,90,3.2682546
95,92.5,3.2697424
95,95,3.271232
95,97.5,3.2727286
95,100,3.2742271
95,102.5,3.2757277
95,105,3.2772303
95,107.5,3.2787347
95,110,3.2802409
95,112.5,3.2817489
95,115,3.2832587
95,117.5,3.2847702
95,120,3.2862834
95,122.5,3.2877983
95,125,3.2893148
95,127.5,3.290833
95,130,3.2923529
95,132.5,3.2938743
95,135,3.2953974
95,137.5,3.2969221
95,140,3.2984484
95,142.5,3.2999762
95,145,3.3015056
95,147.5,3.3030366
95,150,3.3045692
95,152.5,3.3061033
95,155,3.307639
95,157.5,3.3091762
95,160,3.3107149
95,162.5,3.3122552
95,165,3.313797
95,167.5,3.3153404
95,170,3.3168852
95,172.5,3.3184316
95,175,3.3199794
95,177.5,3.3215288
95,180,3.3230797
95,182.5,3.3246321
95,185,3.3261859
95,187.5,3.3277413
95,190,3.3292981
95,192.5,3.3308565
95,195,3.3324163
95,197.5,3.3339776
95,200,3.3355403
95,202.5,3.3371046
95,205,3.3386703
95,207.5,3.3402375
95,210,3.3418061
95,212.5,3.3433762
95,215,3.3449478
95,217.5,3.3465208
95,220,3.3480953
95,222.5,3.3496712
95,225,3.3512486
95,227.5,3.3528274
95,230,3.3544077
95,232.5,3.3559894
95,235,3.3575726
95,237.5,3.3591572
95,240,3.3607432
95,242.5,3.3623307
95,245,3.3639196
95,247.5,3.36551
95,250,3.3671018
95,252.5,3.368695
95,255,3.3702897
95,257.5,3.3718857
95,260,3.3734832
95,262.5,3.3750822
95,265,3.3766825
95,267.5,3.3782843
95,270,3.3798875
95,272.5,3.3814921
95,275,3.3830981
95,277.5,3.3847056
95,280,3.3863144
95,282.5,3.3879247
95,285,3.3895364
95,287.5,3.3911495
95,290,3.392764
95,292.5,3.3943799
95,295,3.3959972
95,297.5,3.3976159
95,300,3.3984258
100,0,5.7026457
100,2.5,5.7037177
100,5,5.7058629
100,7.5,5.7080095
100,10,5.7101576
100,12.5,5.7123072
100,15,5.7144583
100,17.5,5.7166108
100,20,5.7187649
100,22.5,5.7209205
100,25,5.7230775
100,27.5,5.7252361
100,30,5.7273962
100,32.5,5.7295579
100,35,5.7317211
100,37.5,5.7338858
100,40,5.736052
100,42.5,5.7382199
100,45,5.7403893
100,47.5,5.7425602
100,50,5.7447328
100,52.5,5.7469069
100,55,5.7490827
100,57.5,5.7512601
100,60,5.753439
100,62.5,5.7556197
100,65,5.757802
100,67.5,5.7599859
100,70,5.7621715
100,72.5,5.7643589
100,75,5.7665479
100,77.5,5.7687387
100,80,5.7709313
100,82.5,5.7731256
100,85,5.7753218
100,87.5,5.7775198
100,90,5.7797198
100,92.5,5.7819217
100,95,5.7841257
100,97.5,5.7863318
100,100,5.7885402
100,102.5,5.7907557
100,105,5.7929734
100,107.5,5.7951933
100,110,5.7974151
100,112.5,5.7996389
100,115,5.8018646
100,117.5,5.8040921
100,120,5.8063214
100,122.5,5.8085525
100,125,5.8107853
100,127.5,5.8130198
100,130,5.8152561
100,132.5,5.817494
100,135,5.8197336
100,137.5,5.8219748
100,140,5.8242177
100,142.5,5.8264622
100,145,5.8287083
100,147.5,5.830956
100,150,5.8332053
100,152.5,5.8354562
100,155,5.8377086
100,157.5,5.8399626
100,160,5.8422182
100,162.5,5.8444753
100,165,5.8467339
100,167.5,5.8489941
100,170,5.8512557
100,172.5,5.8535189
100,175,5.8557837
100,177.5,5.8580499
100,180,5.8603176
100,182.5,5.8625868
100,185,5.8648575
100,187.5,5.8671297
100,190,5.8694033
100,192.5,5.8716784
100,195,5.873955
100,197.5,5.8762331
100,200,5.8785126
100,202.5,5.8807935
100,205,5.8830759
100,207.5,5.8853598
100,210,5.8876451
100,212.5,5.8899318
100,215,5.89222
100,217.5,5.8945096
100,220,5.8968006
100,222.5,5.8990931
100,225,5.9013869
100,227.5,5.9036822
100,230,5.9059789
100,232.5,5.908277
100,235,5.9105765
100,237.5,5.9128774
100,240,5.9151797
100,242.5,5.9174834
100,245,5.9197885
100,247.5,5.922095
100,250,5.9244029
100,252.5,5.9267121
100,255,5.9290228
100,257.5,5.9313348
100,260,5.9336482
100,262.5,5.935963
100,265,5.9382791
100,267.5,5.9405966
100,270,5.9429155
100,272.5,5.9452358
100,275,5.9475574
100,277.5,5.9498803
100,280,5.9522047
100,282.5,5.9545303
100,285,5.9568574
100,287.5,5.9591857
100,290,5.9615155
100,292.5,5.9638465
100,295,5.966179
100,297.5,5.9685127
100,300,5.9696801
105,0,8.9942118
105,2.5,8.9956111
105,5,8.9984107
105,7.5,9.0012116
105,10,9.0040139
105,12.5,9.0068175
105,15,9.0096225
105,17.5,9.0124288
105,20,9.0152365
105,22.5,9.0180455
105,25,9.0208559
105,27.5,9.0236677
105,30,9.0264808
105,32.5,9.0292953
105,35,9.0321112
105,37.5,9.0349284
105,40,9.0377471
105,42.5,9.0405671
105,45,9.0433885
105,47.5,9.0462113
105,50,9.0490355
105,52.5,9.0518612
105,55,9.0546882
105,57.5,9.0575167
105,60,9.0603466
105,62.5,9.0631779
105,65,9.0660107
105,67.5,9.0688449
105,70,9.0716806
105,72.5,9.0745177
105,75,9.0773564
105,77.5,9.0801965
105,80,9.0830382
105,82.5,9.0858813
105,85,9.088726
105,87.5,9.0915723
105,90,9.0944202
105,92.5,9.0972697
105,95,9.1001208
105,97.5,9.1029736
105,100,9.1058282
105,102.5,9.1086846
105,105,9.1115429
105,107.5,9.1144066
105,110,9.1172721
105,112.5,9.1201392
105,115,9.1230078
105,117.5,9.125878
105,120,9.1287497
105,122.5,9.1316227
105,125,9.1344972
105,127.5,9.1373731
105,130,9.1402503
105,132.5,9.1431289
105,135,9.1460087
105,137.5,9.1488899
105,140,9.1517724
105,142.5,9.1546562
105,145,9.1575413
105,147.5,9.1604276
105,150,9.1633151
105,152.5,9.166204
105,155,9.169094
105,157.5,9.1719853
105,160,9.1748778
105,162.5,9.1777715
105,165,9.1806664
105,167.5,9.1835626
105,170,9.1864599
105,172.5,9.1893584
105,175,9.1922581
105,177.5,9.195159
105,180,9.198061
105,182.5,9.2009642
105,185,9.2038686
105,187.5,9.2067741
105,190,9.2096808
105,192.5,9.2125886
105,195,9.2154976
105,197.5,9.2184077
105,200,9.221319
105,202.5,9.2242313
105,205,9.2271448
105,207.5,9.2300595
105,210,9.2329752
105,212.5,9.2358921
105,215,9.2388101
105,217.5,9.2417292
105,220,9.2446494
105,222.5,9.2475707
105,225,9.2504931
105,227.5,9.2534167
105,230,9.2563413
105,232.5,9.259267
105,235,9.2621937
105,237.5,9.2651216
105,240,9.2680506
105,242.5,9.2709806
105,245,9.2739117
105,247.5,9.2768439
105,250,9.2797772
105,252.5,9.2827115
105,255,9.2856469
105,257.5,9.2885834
105,260,9.2915209
105,262.5,9.2944595
105,265,9.2973991
105,267.5,9.3003398
105,270,9.3032816
105,272.5,9.3062244
105,275,9.3091682
105,277.5,9.3121131
105,280,9.3150591
105,282.5,9.318006
105,285,9.3209541
105,287.5,9.3239031
105,290,9.3268532
105,292.5,9.3298043
105,295,9.3327565
105,297.5,9.3357097
105,300,9.3371866
110,0,12.926372
110,2.5,12.92802
110,5,12.931318
110,7.5,12.934616
110,10,12.937915
110,12.5,12.941215
110,15,12.944517
110,17.5,12.947819
110,20,12.951122
110,22.5,12.954426
110,25,12.957731
110,27.5,12.961037
110,30,12.964344
110,32.5,12.967652
110,35,12.970961
110,37.5,12.974271
110,40,12.977582
110,42.5,12.980894
110,45,12.984207
110,47.5,12.987521
110,50,12.990835
110,52.5,12.994151
110,55,12.997468
110,57.5,13.000786
110,60,13.004105
110,62.5,13.007424
110,65,13.010745
110,67.5,13.014067
110,70,13.01739
110,72.5,13.020714
110,75,13.024038
110,77.5,13.027364
110,80,13.030691
110,82.5,13.034019
110,85,13.037348
110,87.5,13.040678
110,90,13.044009
110,92.5,13.047341
110,95,13.050674
110,97.5,13.054008
110,100,13.057343
110,102.5,13.06068
110,105,13.064017
110,107.5,13.067356
110,110,13.070696
110,112.5,13.07404
110,115,13.077384
110,117.5,13.08073
110,120,13.084076
110,122.5,13.087424
110,125,13.090772
110,127.5,13.094122
110,130,13.097472
110,132.5,13.100823
110,135,13.104175
110,137.5,13.107528
110,140,13.110882
110,142.5,13.114237
110,145,13.117592
110,147.5,13.120949
110,150,13.124306
110,152.5,13.127664
110,155,13.131022
110,157.5,13.134382
110,160,13.137742
110,162.5,13.141103
110,165,13.144465
110,167.5,13.147828
110,170,13.151192
110,172.5,13.154556
110,175,13.157921
110,177.5,13.161287
110,180,13.164654
110,182.5,13.168021
110,185,13.171389
110,187.5,13.174758
110,190,13.178128
110,192.5,13.181498
110,195,13.184869
110,197.5,13.188241
110,200,13.191614
110,202.5,13.194987
110,205,13.198361
110,207.5,13.201736
110,210,13.205112
110,212.5,13.208488
110,215,13.211865
110,217.5,13.215243
110,220,13.218621
110,222.5,13.222
110,225,13.22538
110,227.5,13.228761
110,230,13.232142
110,232.5,13.235524
110,235,13.238907
110,237.5,13.242291
110,240,13.245675
110,242.5,13.24906
110,245,13.252445
110,247.5,13.255832
110,250,13.259219
110,252.5,13.262606
110,255,13.265995
110,257.5,13.269384
110,260,13.272774
110,262.5,13.276164
110,265,13.279555
110,267.5,13.282947
110,270,13.28634
110,272.5,13.289733
110,275,13.293127
110,277.5,13.296521
110,280,13.299917
110,282.5,13.303313
110,285,13.306709
110,287.5,13.310106
110,290,13.313504
110,292.5,13.316903
110,295,13.320302
110,297.5,13.323702
110,300,13.325402
115,0,17.292273
115,2.5,17.294081
115,5,17.2977
115,7.5,17.301318
115,10,17.304938
115,12.5,17.308557
115,15,17.312178
115,17.5,17.315799
115,20,17.31942
115,22.5,17.323043
115,25,17.326665
115,27.5,17.330289
115,30,17.333913
115,32.5,17.337537
115,35,17.341162
115,37.5,17.344788
115,40,17.348414
115,42.5,17.352041
115,45,17.355668
115,47.5,17.359296
115,50,17.362925
115,52.5,17.366554
115,55,17.370183
115,57.5,17.373814
115,60,17.377444
115,62.5,17.381076
115,65,17.384708
115,67.5,17.38834
115,70,17.391974
115,72.5,17.395607
115,75,17.399242
115,77.5,17.402877
115,80,17.406512
115,82.5,17.410148
115,85,17.413785
115,87.5,17.417422
115,90,17.42106
115,92.5,17.424699
115,95,17.428338
115,97.5,17.431977
115,100,17.435618
115,102.5,17.439259
115,105,17.4429
115,107.5,17.446543
115,110,17.450186
115,112.5,17.453829
115,115,17.457473
115,117.5,17.46112
115,120,17.464766
115,122.5,17.468414
115,125,17.472061
115,127.5,17.47571
115,130,17.479359
115,132.5,17.483008
115,135,17.486658
115,137.5,17.490308
115,140,17.493959
115,142.5,17.497611
115,145,17.501263
115,147.5,17.504915
115,150,17.508568
115,152.5,17.512221
115,155,17.515875
115,157.5,17.519529
115,160,17.523184
115,162.5,17.526839
115,165,17.530495
115,167.5,17.534151
115,170,17.537807
115,172.5,17.541464
115,175,17.545122
115,177.5,17.54878
115,180,17.552438
115,182.5,17.556097
115,185,17.559756
115,187.5,17.563415
115,190,17.567075
115,192.5,17.570736
115,195,17.574397
115,197.5,17.578058
115,200,17.58172
115,202.5,17.585382
115,205,17.589045
115,207.5,17.592708
115,210,17.596371
115,212.5,17.600035
115,215,17.603699
115,217.5,17.607364
115,220,17.611029
115,222.5,17.614694
115,225,17.61836
115,227.5,17.622027
115,230,17.625693
115,232.5,17.62936
115,235,17.633028
115,237.5,17.636696
115,240,17.640364
115,242.5,17.644033
115,245,17.647702
115,247.5,17.651372
115,250,17.655042
115,252.5,17.658712
115,255,17.662383
115,257.5,17.666054
115,260,17.669726
115,262.5,17.673398
115,265,17.67707
115,267.5,17.680743
115,270,17.684416
115,272.5,17.688089
115,275,17.691763
115,277.5,17.695438
115,280,17.699112
115,282.5,17.702787
115,285,17.706463
115,287.5,17.710139
115,290,17.713815
115,292.5,17.717491
115,295,17.721168
115,297.5,17.724846
115,300,17.726685
120,0,21.914359
120,2.5,21.916259
120,5,21.920058
120,7.5,21.923857
120,10,21.927657
120,12.5,21.931457
120,15,21.935257
120,17.5,21.939058
120,20,21.942859
120,22.5,21.94666
120,25,21.950462
120,27.5,21.954264
120,30,21.958066
120,32.5,21.961868
120,35,21.965671
120,37.5,21.969474
120,40,21.973277
120,42.5,21.977081
120,45,21.980885
120,47.5,21.984689
120,50,21.988494
120,52.5,21.992299
120,55,21.996104
120,57.5,21.99991
120,60,22.003715
120,62.5,22.007521
120,65,22.011328
120,67.5,22.015135
120,70,22.018942
120,72.5,22.022749
120,75,22.026557
120,77.5,22.030364
120,80,22.034173
120,82.5,22.037981
120,85,22.04179
120,87.5,22.045599
120,90,22.049409
120,92.5,22.053218
120,95,22.057028
120,97.5,22.060839
120,100,22.064649
120,102.5,22.06846
120,105,22.072272
120,107.5,22.076083
120,110,22.079895
120,112.5,22.083707
120,115,22.08752
120,117.5,22.091333
120,120,22.095146
120,122.5,22.098961
120,125,22.102775
120,127.5,22.10659
120,130,22.110405
120,132.5,22.11422
120,135,22.118036
120,137.5,22.121852
120,140,22.125668
120,142.5,22.129484
120,145,22.133301
120,147.5,22.137118
120,150,22.140935
120,152.5,22.144752
120,155,22.14857
120,157.5,22.152388
120,160,22.156206
120,162.5,22.160024
120,165,22.163843
120,167.5,22.167661
120,170,22.17148
120,172.5,22.1753
120,175,22.179119
120,177.5,22.182939
120,180,22.186759
120,182.5,22.190579
120,185,22.194399
120,187.5,22.19822
120,190,22.202041
120,192.5,22.205862
120,195,22.209683
120,197.5,22.213505
120,200,22.217326
120,202.5,22.221148
120,205,22.22497
120,207.5,22.228793
120,210,22.232615
120,212.5,22.236438
120,215,22.240261
120,217.5,22.244084
120,220,22.247908
120,222.5,22.251731
120,225,22.255555
120,227.5,22.259379
120,230,22.263204
120,232.5,22.267028
120,235,22.270853
120,237.5,22.274678
120,240,22.278503
120,242.5,22.282328
120,245,22.286154
120,247.5,22.28998
120,250,22.293806
120,252.5,22.297632
120,255,22.301458
120,257.5,22.305285
120,260,22.309111
120,262.5,22.312938
120,265,22.316766
120,267.5,22.320593
120,270,22.324421
120,272.5,22.328248
120,275,22.332076
120,277.5,22.335905
120,280,22.339733
120,282.5,22.343562
120,285,22.34739
120,287.5,22.351219
120,290,22.355048
120,292.5,22.358878
120,295,22.362707
120,297.5,22.366537
120,300,22.368452
125,0,26.671385
125,2.5,26.67333
125,5,26.677221
125,7.5,26.681112
125,10,26.685003
125,12.5,26.688895
125,15,26.692786
125,17.5,26.696678
125,20,26.700569
125,22.5,26.704461
125,25,26.708353
125,27.5,26.712246
125,30,26.716138
125,32.5,26.720031
125,35,26.723923
125,37.5,26.727816
125,40,26.731709
125,42.5,26.735602
125,45,26.739495
125,47.5,26.743389
125,50,26.747282
125,52.5,26.751176
125,55,26.75507
125,57.5,26.758964
125,60,26.762858
125,62.5,26.766752
125,65,26.770646
125,67.5,26.774541
125,70,26.778436
125,72.5,26.78233
125,75,26.786225
125,77.5,26.79012
125,80,26.794016
125,82.5,26.797911
125,85,26.801807
125,87.5,26.805702
125,90,26.809598
125,92.5,26.813494
125,95,26.81739
125,97.5,26.821286
125,100,26.825183
125,102.5,26.829079
125,105,26.832976
125,107.5,26.836873
125,110,26.84077
125,112.5,26.844667
125,115,26.848564
125,117.5,26.852462
125,120,26.856359
125,122.5,26.860257
125,125,26.864155
125,127.5,26.868053
125,130,26.871952
125,132.5,26.87585
125,135,26.879749
125,137.5,26.883648
125,140,26.887547
125,142.5,26.891446
125,145,26.895345
125,147.5,26.899244
125,150,26.903144
125,152.5,26.907043
125,155,26.910943
125,157.5,26.914843
125,160,26.918743
125,162.5,26.922643
125,165,26.926543
125,167.5,26.930443
125,170,26.934343
125,172.5,26.938244
125,175,26.942144
125,177.5,26.946045
125,180,26.949946
125,182.5,26.953847
125,185,26.957748
125,187.5,26.961649
125,190,26.96555
125,192.5,26.969451
125,195,26.973353
125,197.5,26.977254
125,200,26.981156
125,202.5,26.985057
125,205,26.988959
125,207.5,26.992861
125,210,26.996763
125,212.5,27.000665
125,215,27.004568
125,217.5,27.00847
125,220,27.012372
125,222.5,27.016275
125,225,27.020177
125,227.5,27.02408
125,230,27.027983
125,232.5,27.031886
125,235,27.035789
125,237.5,27.039692
125,240,27.043595
125,242.5,27.047499
125,245,27.051402
125,247.5,27.055306
125,250,27.059209
125,252.5,27.063113
125,255,27.067017
125,257.5,27.070921
125,260,27.074825
125,262.5,27.078729
125,265,27.082633
125,267.5,27.086537
125,270,27.090442
125,272.5,27.094346
125,275,27.098251
125,277.5,27.102156
125,280,27.10606
125,282.5,27.109965
125,285,27.11387
125,287.5,27.117775
125,290,27.12168
125,292.5,27.125586
125,295,27.129491
125,297.5,27.133396
125,300,27.135349
130,0,31.492951
130,2.5,31.494918
130,5,31.498852
130,7.5,31.502785
130,10,31.506719
130,12.5,31.510653
130,15,31.514586
130,17.5,31.51852
130,20,31.522454
130,22.5,31.526388
130,25,31.530322
130,27.5,31.534256
130,30,31.53819
130,32.5,31.542125
130,35,31.546059
130,37.5,31.549993
130,40,31.553928
130,42.5,31.557862
130,45,31.561797
130,47.5,31.565731
130,50,31.569666
130,52.5,31.573601
130,55,31.577536
130,57.5,31.581471
130,60,31.585405
130,62.5,31.58934
130,65,31.593276
130,67.5,31.597211
130,70,31.601146
130,72.5,31.605081
130,75,31.609016
130,77.5,31.612952
130,80,31.616887
130,82.5,31.620823
130,85,31.624758
130,87.5,31.628694
130,90,31.63263
130,92.5,31.636565
130,95,31.640501
130,97.5,31.644437
130,100,31.648373
130,102.5,31.652309
130,105,31.656245
130,107.5,31.660181
130,110,31.664117
130,112.5,31.668054
130,115,31.67199
130,117.5,31.675926
130,120,31.679863
130,122.5,31.683799
130,125,31.687736
130,127.5,31.691673
130,130,31.695609
130,132.5,31.699546
130,135,31.703483
130,137.5,31.70742
130,140,31.711357
130,142.5,31.715294
130,145,31.719232
130,147.5,31.723169
130,150,31.727106
130,152.5,31.731043
130,155,31.734981
130,157.5,31.738918
130,160,31.742856
130,162.5,31.746793
130,165,31.750731
130,167.5,31.754668
130,170,31.758606
130,172.5,31.762544
130,175,31.766482
130,177.5,31.770419
130,180,31.774357
130,182.5,31.778295
130,185,31.782233
130,187.5,31.786171
130,190,31.790109
130,192.5,31.794047
130,195,31.797985
130,197.5,31.801924
130,200,31.805862
130,202.5,31.8098
130,205,31.813739
130,207.5,31.817677
130,210,31.821615
130,212.5,31.825554
130,215,31.829492
130,217.5,31.833431
130,220,31.837369
130,222.5,31.841308
130,225,31.845247
130,227.5,31.849186
130,230,31.853124
130,232.5,31.857063
130,235,31.861002
130,237.5,31.864941
130,240,31.86888
130,242.5,31.872819
130,245,31.876758
130,247.5,31.880697
130,250,31.884636
130,252.5,31.888575
130,255,31.892515
130,257.5,31.896454
130,260,31.900393
130,262.5,31.904332
130,265,31.908272
130,267.5,31.912211
130,270,31.916151
130,272.5,31.92009
130,275,31.92403
130,277.5,31.927969
130,280,31.931909
130,282.5,31.935849
130,285,31.939788
130,287.5,31.943728
130,290,31.947668
130,292.5,31.951608
130,295,31.955548
130,297.5,31.959487
130,300,31.961457
135,0,36.342942
135,2.5,36.344917
135,5,36.348869
135,7.5,36.352821
135,10,36.356773
135,12.5,36.360725
135,15,36.364677
135,17.5,36.368629
135,20,36.372581
135,22.5,36.376533
135,25,36.380486
135,27.5,36.384438
135,30,36.38839
135,32.5,36.392342
135,35,36.396294
135,37.5,36.400247
135,40,36.404199
135,42.5,36.408151
135,45,36.412103
135,47.5,36.416056
135,50,36.420008
135,52.5,36.423961
135,55,36.427913
135,57.5,36.431865
135,60,36.435818
135,62.5,36.43977
135,65,36.443723
135,67.5,36.447676
135,70,36.451628
135,72.5,36.455581
135,75,36.459533
135,77.5,36.463486
135,80,36.467439
135,82.5,36.471392
135,85,36.475344
135,87.5,36.479297
135,90,36.48325
135,92.5,36.487203
135,95,36.491156
135,97.5,36.495108
135,100,36.499061
135,102.5,36.503014
135,105,36.506967
135,107.5,36.51092
135,110,36.514873
135,112.5,36.518826
135,115,36.522779
135,117.5,36.526732
135,120,36.530685
135,122.5,36.534639
135,125,36.538592
135,127.5,36.542545
135,130,36.546498
135,132.5,36.550451
135,135,36.554405
135,137.5,36.558358
135,140,36.562311
135,142.5,36.566265
135,145,36.570218
135,147.5,36.574172
135,150,36.578125
135,152.5,36.582079
135,155,36.586032
135,157.5,36.589986
135,160,36.593939
135,162.5,36.597893
135,165,36.601846
135,167.5,36.6058
135,170,36.609753
135,172.5,36.613707
135,175,36.617661
135,177.5,36.621614
135,180,36.625568
135,182.5,36.629522
135,185,36.633476
135,187.5,36.637429
135,190,36.641383
135,192.5,36.645337
135,195,36.649291
135,197.5,36.653245
135,200,36.657198
135,202.5,36.661152
135,205,36.665106
135,207.5,36.66906
135,210,36.673014
135,212.5,36.676968
135,215,36.680922
135,217.5,36.684876
135,220,36.68883
135,222.5,36.692784
135,225,36.696738
135,227.5,36.700692
135,230,36.704646
135,232.5,36.7086
135,235,36.712554
135,237.5,36.716508
135,240,36.720463
135,242.5,36.724417
135,245,36.728371
135,247.5,36.732325
135,250,36.736279
135,252.5,36.740234
135,255,36.744188
135,257.5,36.748142
135,260,36.752096
135,262.5,36.756051
135,265,36.760005
135,267.5,36.763959
135,270,36.767914
135,272.5,36.771868
135,275,36.775822
135,277.5,36.779777
135,280,36.783731
135,282.5,36.787686
135,285,36.79164
135,287.5,36.795595
135,290,36.799549
135,292.5,36.803504
135,295,36.807458
135,297.5,36.811413
135,300,36.81339
140,0,41.204539
140,2.5,41.206519
140,5,41.210478
140,7.5,41.214438
140,10,41.218397
140,12.5,41.222356
140,15,41.226316
140,17.5,41.230275
140,20,41.234234
140,22.5,41.238194
140,25,41.242153
140,27.5,41.246113
140,30,41.250072
140,32.5,41.254032
140,35,41.257991
140,37.5,41.261951
140,40,41.26591
140,42.5,41.26987
140,45,41.273829
140,47.5,41.277789
140,50,41.281748
140,52.5,41.285708
140,55,41.289667
140,57.5,41.293627
140,60,41.297586
140,62.5,41.301546
140,65,41.305506
140,67.5,41.309465
140,70,41.313425
140,72.5,41.317384
140,75,41.321344
140,77.5,41.325304
140,80,41.329263
140,82.5,41.333223
140,85,41.337183
140,87.5,41.341142
140,90,41.345102
140,92.5,41.349062
140,95,41.353021
140,97.5,41.356981
140,100,41.360941
140,102.5,41.364901
140,105,41.36886
140,107.5,41.37282
140,110,41.37678
140,112.5,41.38074
140,115,41.384699
140,117.5,41.388659
140,120,41.392619
140,122.5,41.396579
140,125,41.400539
140,127.5,41.404499
140,130,41.408458
140,132.5,41.412418
140,135,41.416378
140,137.5,41.420338
140,140,41.424298
140,142.5,41.428258
140,145,41.432218
140,147.5,41.436178
140,150,41.440138
140,152.5,41.444098
140,155,41.448058
140,157.5,41.452018
140,160,41.455978
140,162.5,41.459938
140,165,41.463898
140,167.5,41.467858
140,170,41.471818
140,172.5,41.475778
140,175,41.479738
140,177.5,41.483698
140,180,41.487658
140,182.5,41.491618
140,185,41.495578
140,187.5,41.499538
140,190,41.503498
140,192.5,41.507458
140,195,41.511418
140,197.5,41.515378
140,200,41.519338
140,202.5,41.523299
140,205,41.527259
140,207.5,41.531219
140,210,41.535179
140,212.5,41.539139
140,215,41.543099
140,217.5,41.547059
140,220,41.55102
140,222.5,41.55498
140,225,41.55894
140,227.5,41.5629
140,230,41.56686
140,232.5,41.57082
140,235,41.574781
140,237.5,41.578741
140,240,41.582701
140,242.5,41.586661
140,245,41.590622
140,247.5,41.594582
140,250,41.598542
140,252.5,41.602502
140,255,41.606463
140,257.5,41.610423
140,260,41.614383
140,262.5,41.618343
140,265,41.622304
140,267.5,41.626264
140,270,41.630224
140,272.5,41.634185
140,275,41.638145
140,277.5,41.642105
140,280,41.646066
140,282.5,41.650026
140,285,41.653986
140,287.5,41.657947
140,290,41.661907
140,292.5,41.665867
140,295,41.669828
140,297.5,41.673788
140,300,41.675768
145,0,46.070461
145,2.5,46.072442
145,5,46.076405
145,7.5,46.080367
145,10,46.084329
145,12.5,46.088291
145,15,46.092253
145,17.5,46.096216
145,20,46.100178
145,22.5,46.10414
145,25,46.108102
145,27.5,46.112065
145,30,46.116027
145,32.5,46.119989
145,35,46.123951
145,37.5,46.127914
145,40,46.131876
145,42.5,46.135838
145,45,46.1398
145,47.5,46.143763
145,50,46.147725
145,52.5,46.151687
145,55,46.155649
145,57.5,46.159612
145,60,46.163574
145,62.5,46.167536
145,65,46.171499
145,67.5,46.175461
145,70,46.179423
145,72.5,46.183385
145,75,46.187348
145,77.5,46.19131
145,80,46.195272
145,82.5,46.199235
145,85,46.203197
145,87.5,46.207159
145,90,46.211122
145,92.5,46.215084
145,95,46.219046
145,97.5,46.223009
145,100,46.226971
145,102.5,46.230933
145,105,46.234896
145,107.5,46.238858
145,110,46.24282
145,112.5,46.246783
145,115,46.250745
145,117.5,46.254707
145,120,46.25867
145,122.5,46.262632
145,125,46.266595
145,127.5,46.270557
145,130,46.274519
145,132.5,46.278482
145,135,46.282444
145,137.5,46.286407
145,140,46.290369
145,142.5,46.294331
145,145,46.298294
145,147.5,46.302256
145,150,46.306219
145,152.5,46.310181
145,155,46.314143
145,157.5,46.318106
145,160,46.322068
145,162.5,46.326031
145,165,46.329993
145,167.5,46.333956
145,170,46.337918
145,172.5,46.341881
145,175,46.345843
145,177.5,46.349805
145,180,46.353768
145,182.5,46.35773
145,185,46.361693
145,187.5,46.365655
145,190,46.369618
145,192.5,46.37358
145,195,46.377543
145,197.5,46.381505
145,200,46.385468
145,202.5,46.38943
145,205,46.393393
145,207.5,46.397355
145,210,46.401318
145,212.5,46.40528
145,215,46.409243
145,217.5,46.413205
145,220,46.417168
145,222.5,46.42113
145,225,46.425093
145,227.5,46.429055
145,230,46.433018
145,232.5,46.43698
145,235,46.440943
145,237.5,46.444905
145,240,46.448868
145,242.5,46.45283
145,245,46.456793
145,247.5,46.460755
145,250,46.464718
145,252.5,46.46868
145,255,46.472643
145,257.5,46.476606
145,260,46.480568
145,262.5,46.484531
145,265,46.488493
145,267.5,46.492456
145,270,46.496418
145,272.5,46.500381
145,275,46.504343
145,277.5,46.508306
145,280,46.512269
145,282.5,46.516231
145,285,46.520194
145,287.5,46.524156
145,290,46.528119
145,292.5,46.532081
145,295,46.536044
145,297.5,46.540007
145,300,46.541988
150,0,50.937647
150,2.5,50.939628
150,5,50.943592
150,7.5,50.947555
150,10,50.951518
150,12.5,50.955481
150,15,50.959445
150,17.5,50.963408
150,20,50.967371
150,22.5,50.971334
150,25,50.975298
150,27.5,50.979261
150,30,50.983224
150,32.5,50.987187
150,35,50.991151
150,37.5,50.995114
150,40,50.999077
150,42.5,51.00304
150,45,51.007004
150,47.5,51.010967
150,50,51.01493
150,52.5,51.018893
150,55,51.022857
150,57.5,51.02682
150,60,51.030783
150,62.5,51.034746
150,65,51.03871
150,67.5,51.042673
150,70,51.046636
150,72.5,51.0506
150,75,51.054563
150,77.5,51.058526
150,80,51.062489
150,82.5,51.066453
150,85,51.070416
150,87.5,51.074379
150,90,51.078343
150,92.5,51.082306
150,95,51.086269
150,97.5,51.090232
150,100,51.094196
150,102.5,51.098159
150,105,51.102122
150,107.5,51.106086
150,110,51.110049
150,112.5,51.114012
150,115,51.117976
150,117.5,51.121939
150,120,51.125902
150,122.5,51.129865
150,125,51.133829
150,127.5,51.137792
150,130,51.141755
150,132.5,51.145719
150,135,51.149682
150,137.5,51.153645
150,140,51.157609
150,142.5,51.161572
150,145,51.165535
150,147.5,51.169499
150,150,51.173462
150,152.5,51.177425
150,155,51.181389
150,157.5,51.185352
150,160,51.189315
150,162.5,51.193279
150,165,51.197242
150,167.5,51.201205
150,170,51.205169
150,172.5,51.209132
150,175,51.213095
150,177.5,51.217059
150,180,51.221022
150,182.5,51.224985
150,185,51.228949
150,187.5,51.232912
150,190,51.236875
150,192.5,51.240839
150,195,51.244802
150,197.5,51.248765
150,200,51.252729
150,202.5,51.256692
150,205,51.260655
150,207.5,51.264619
150,210,51.268582
150,212.5,51.272545
150,215,51.276509
150,217.5,51.280472
150,220,51.284435
150,222.5,51.288399
150,225,51.292362
150,227.5,51.296325
150,230,51.300289
150,232.5,51.304252
150,235,51.308215
150,237.5,51.312179
150,240,51.316142
150,242.5,51.320106
150,245,51.324069
150,247.5,51.328032
150,250,51.331996
150,252.5,51.335959
150,255,51.339922
150,257.5,51.343886
150,260,51.347849
150,262.5,51.351812
150,265,51.355776
150,267.5,51.359739
150,270,51.363703
150,272.5,51.367666
150,275,51.371629
150,277.5,51.375593
150,280,51.379556
150,282.5,51.383519
150,285,51.387483
150,287.5,51.391446
150,290,51.39541
150,292.5,51.399373
150,295,51.403336
150,297.5,51.4073
150,300,51.409281
155,0,55.804691
155,2.5,55.806673
155,5,55.810636
155,7.5,55.8146
155,10,55.818563
155,12.5,55.822527
155,15,55.826491
155,17.5,55.830454
155,20,55.834418
155,22.5,55.838381
155,25,55.842345
155,27.5,55.846309
155,30,55.850272
155,32.5,55.854236
155,35,55.858199
155,37.5,55.862163
155,40,55.866127
155,42.5,55.87009
155,45,55.874054
155,47.5,55.878018
155,50,55.881981
155,52.5,55.885945
155,55,55.889908
155,57.5,55.893872
155,60,55.897836
155,62.5,55.901799
155,65,55.905763
155,67.5,55.909727
155,70,55.91369
155,72.5,55.917654
155,75,55.921617
155,77.5,55.925581
155,80,55.929545
155,82.5,55.933508
155,85,55.937472
155,87.5,55.941435
155,90,55.945399
155,92.5,55.949363
155,95,55.953326
155,97.5,55.95729
155,100,55.961254
155,102.5,55.965217
155,105,55.969181
155,107.5,55.973145
155,110,55.977108
155,112.5,55.981072
155,115,55.985035
155,117.5,55.988999
155,120,55.992963
155,122.5,55.996926
155,125,56.00089
155,127.5,56.004854
155,130,56.008817
155,132.5,56.012781
155,135,56.016744
155,137.5,56.020708
155,140,56.024672
155,142.5,56.028635
155,145,56.032599
155,147.5,56.036563
155,150,56.040526
155,152.5,56.04449
155,155,56.048454
155,157.5,56.052417
155,160,56.056381
155,162.5,56.060344
155,165,56.064308
155,167.5,56.068272
155,170,56.072235
155,172.5,56.076199
155,175,56.080163
155,177.5,56.084126
155,180,56.08809
155,182.5,56.092054
155,185,56.096017
155,187.5,56.099981
155,190,56.103944
155,192.5,56.107908
155,195,56.111872
155,197.5,56.115835
155,200,56.119799
155,202.5,56.123763
155,205,56.127726
155,207.5,56.13169
155,210,56.135654
155,212.5,56.139617
155,215,56.143581
155,217.5,56.147545
155,220,56.151508
155,222.5,56.155472
155,225,56.159436
155,227.5,56.163399
155,230,56.167363
155,232.5,56.171326
155,235,56.17529
155,237.5,56.179254
155,240,56.183217
155,242.5,56.187181
155,245,56.191145
155,247.5,56.195108
155,250,56.199072
155,252.5,56.203036
155,255,56.206999
155,257.5,56.210963
155,260,56.214927
155,262.5,56.21889
155,265,56.222854
155,267.5,56.226818
155,270,56.230781
155,272.5,56.234745
155,275,56.238709
155,277.5,56.242672
155,280,56.246636
155,282.5,56.2506
155,285,56.254563
155,287.5,56.258527
155,290,56.26249
155,292.5,56.266454
155,295,56.270418
155,297.5,56.274381
155,300,56.276363
160,0,60.670691
160,2.5,60.672673
160,5,60.676636
160,7.5,60.6806
160,10,60.684564
160,12.5,60.688527
160,15,60.692491
160,17.5,60.696455
160,20,60.700419
160,22.5,60.704382
160,25,60.708346
160,27.5,60.71231
160,30,60.716274
160,32.5,60.720237
160,35,60.724201
160,37.5,60.728165
160,40,60.732129
160,42.5,60.736092
160,45,60.740056
160,47.5,60.74402
160,50,60.747984
160,52.5,60.751947
160,55,60.755911
160,57.5,60.759875
160,60,60.763838
160,62.5,60.767802
160,65,60.771766
160,67.5,60.77573
160,70,60.779693
160,72.5,60.783657
160,75,60.787621
160,77.5,60.791585
160,80,60.795548
160,82.5,60.799512
160,85,60.803476
160,87.5,60.80744
160,90,60.811403
160,92.5,60.815367
160,95,60.819331
160,97.5,60.823295
160,100,60.827258
160,102.5,60.831222
160,105,60.835186
160,107.5,60.83915
160,110,60.843113
160,112.5,60.847077
160,115,60.851041
160,117.5,60.855004
160,120,60.858968
160,122.5,60.862932
160,125,60.866896
160,127.5,60.870859
160,130,60.874823
160,132.5,60.878787
160,135,60.882751
160,137.5,60.886714
160,140,60.890678
160,142.5,60.894642
160,145,60.898606
160,147.5,60.902569
160,150,60.906533
160,152.5,60.910497
160,155,60.914461
160,157.5,60.918424
160,160,60.922388
160,162.5,60.926352
160,165,60.930316
160,167.5,60.934279
160,170,60.938243
160,172.5,60.942207
160,175,60.946171
160,177.5,60.950134
160,180,60.954098
160,182.5,60.958062
160,185,60.962026
160,187.5,60.965989
160,190,60.969953
160,192.5,60.973917
160,195,60.977881
160,197.5,60.981844
160,200,60.985808
160,202.5,60.989772
160,205,60.993735
160,207.5,60.997699
160,210,61.001663
160,212.5,61.005627
160,215,61.00959
160,217.5,61.013554
160,220,61.017518
160,222.5,61.021482
160,225,61.025445
160,227.5,61.029409
160,230,61.033373
160,232.5,61.037337
160,235,61.0413
160,237.5,61.045264
160,240,61.049228
160,242.5,61.053192
160,245,61.057155
160,247.5,61.061119
160,250,61.065083
160,252.5,61.069047
160,255,61.07301
160,257.5,61.076974
160,260,61.080938
160,262.5,61.084902
160,265,61.088865
160,267.5,61.092829
160,270,61.096793
160,272.5,61.100757
160,275,61.10472
160,277.5,61.108684
160,280,61.112648
160,282.5,61.116612
160,285,61.120575
160,287.5,61.124539
160,290,61.128503
160,292.5,61.132467
160,295,61.13643
160,297.5,61.140394
160,300,61.142376
165,0,65.534722
165,2.5,65.536704
165,5,65.540668
165,7.5,65.544632
165,10,65.548595
165,12.5,65.552559
165,15,65.556523
165,17.5,65.560487
165,20,65.56445
165,22.5,65.568414
165,25,65.572378
165,27.5,65.576342
165,30,65.580306
165,32.5,65.584269
165,35,65.588233
165,37.5,65.592197
165,40,65.596161
165,42.5,65.600124
165,45,65.604088
165,47.5,65.608052
165,50,65.612016
165,52.5,65.61598
165,55,65.619943
165,57.5,65.623907
165,60,65.627871
165,62.5,65.631835
165,65,65.635798
165,67.5,65.639762
165,70,65.643726
165,72.5,65.64769
165,75,65.651654
165,77.5,65.655617
165,80,65.659581
165,82.5,65.663545
165,85,65.667509
165,87.5,65.671472
165,90,65.675436
165,92.5,65.6794
165,95,65.683364
165,97.5,65.687328
165,100,65.691291
165,102.5,65.695255
165,105,65.699219
165,107.5,65.703183
165,110,65.707146
165,112.5,65.71111
165,115,65.715074
165,117.5,65.719038
165,120,65.723002
165,122.5,65.726965
165,125,65.730929
165,127.5,65.734893
165,130,65.738857
165,132.5,65.74282
165,135,65.746784
165,137.5,65.750748
165,140,65.754712
165,142.5,65.758676
165,145,65.762639
165,147.5,65.766603
165,150,65.770567
165,152.5,65.774531
165,155,65.778494
165,157.5,65.782458
165,160,65.786422
165,162.5,65.790386
165,165,65.79435
165,167.5,65.798313
165,170,65.802277
165,172.5,65.806241
165,175,65.810205
165,177.5,65.814168
165,180,65.818132
165,182.5,65.822096
165,185,65.82606
165,187.5,65.830024
165,190,65.833987
165,192.5,65.837951
165,195,65.841915
165,197.5,65.845879
165,200,65.849842
165,202.5,65.853806
165,205,65.85777
165,207.5,65.861734
165,210,65.865698
165,212.5,65.869661
165,215,65.873625
165,217.5,65.877589
165,220,65.881553
165,222.5,65.885516
165,225,65.88948
165,227.5,65.893444
165,230,65.897408
165,232.5,65.901372
165,235,65.905335
165,237.5,65.909299
165,240,65.913263
165,242.5,65.917227
165,245,65.92119
165,247.5,65.925154
165,250,65.929118
165,252.5,65.933082
165,255,65.937046
165,257.5,65.941009
165,260,65.944973
165,262.5,65.948937
165,265,65.952901
165,267.5,65.956864
165,270,65.960828
165,272.5,65.964792
165,275,65.968756
165,277.5,65.97272
165,280,65.976683
165,282.5,65.980647
165,285,65.984611
165,287.5,65.988575
165,290,65.992538
165,292.5,65.996502
165,295,66.000466
165,297.5,66.00443
165,300,66.006412
170,0,70.395566
170,2.5,70.397548
170,5,70.401512
170,7.5,70.405475
170,10,70.409439
170,12.5,70.413403
170,15,70.417367
170,17.5,70.421331
170,20,70.425294
170,22.5,70.429258
170,25,70.433222
170,27.5,70.437186
170,30,70.441149
170,32.5,70.445113
170,35,70.449077
170,37.5,70.453041
170,40,70.457005
170,42.5,70.460968
170,45,70.464932
170,47.5,70.468896
170,50,70.47286
170,52.5,70.476824
170,55,70.480787
170,57.5,70.484751
170,60,70.488715
170,62.5,70.492679
170,65,70.496642
170,67.5,70.500606
170,70,70.50457
170,72.5,70.508534
170,75,70.512498
170,77.5,70.516461
170,80,70.520425
170,82.5,70.524389
170,85,70.528353
170,87.5,70.532317
170,90,70.53628
170,92.5,70.540244
170,95,70.544208
170,97.5,70.548172
170,100,70.552136
170,102.5,70.556099
170,105,70.560063
170,107.5,70.564027
170,110,70.567991
170,112.5,70.571954
170,115,70.575918
170,117.5,70.579882
170,120,70.583846
170,122.5,70.58781
170,125,70.591773
170,127.5,70.595737
170,130,70.599701
170,132.5,70.603665
170,135,70.607629
170,137.5,70.611592
170,140,70.615556
170,142.5,70.61952
170,145,70.623484
170,147.5,70.627448
170,150,70.631411
170,152.5,70.635375
170,155,70.639339
170,157.5,70.643303
170,160,70.647266
170,162.5,70.65123
170,165,70.655194
170,167.5,70.659158
170,170,70.663122
170,172.5,70.667085
170,175,70.671049
170,177.5,70.675013
170,180,70.678977
170,182.5,70.682941
170,185,70.686904
170,187.5,70.690868
170,190,70.694832
170,192.5,70.698796
170,195,70.70276
170,197.5,70.706723
170,200,70.710687
170,202.5,70.714651
170,205,70.718615
170,207.5,70.722578
170,210,70.726542
170,212.5,70.730506
170,215,70.73447
170,217.5,70.738434
170,220,70.742397
170,222.5,70.746361
170,225,70.750325
170,227.5,70.754289
170,230,70.758253
170,232.5,70.762216
170,235,70.76618
170,237.5,70.770144
170,240,70.774108
170,242.5,70.778072
170,245,70.782035
170,247.5,70.785999
170,250,70.789963
170,252.5,70.793927
170,255,70.79789
170,257.5,70.801854
170,260,70.805818
170,262.5,70.809782
170,265,70.813746
170,267.5,70.817709
170,270,70.821673
170,272.5,70.825637
170,275,70.829601
170,277.5,70.833565
170,280,70.837528
170,282.5,70.841492
170,285,70.845456
170,287.5,70.84942
170,290,70.853384
170,292.5,70.857347
170,295,70.861311
170,297.5,70.865275
170,300,70.867257
175,0,75.251518
175,2.5,75.2535
175,5,75.257464
175,7.5,75.261427
175,10,75.265391
175,12.5,75.269355
175,15,75.273319
175,17.5,75.277283
175,20,75.281246
175,22.5,75.28521
175,25,75.289174
175,27.5,75.293138
175,30,75.297102
175,32.5,75.301065
175,35,75.305029
175,37.5,75.308993
175,40,75.312957
175,42.5,75.316921
175,45,75.320884
175,47.5,75.324848
175,50,75.328812
175,52.5,75.332776
175,55,75.33674
175,57.5,75.340703
175,60,75.344667
175,62.5,75.348631
175,65,75.352595
175,67.5,75.356559
175,70,75.360522
175,72.5,75.364486
175,75,75.36845
175,77.5,75.372414
175,80,75.376377
175,82.5,75.380341
175,85,75.384305
175,87.5,75.388269
175,90,75.392233
175,92.5,75.396196
175,95,75.40016
175,97.5,75.404124
175,100,75.408088
175,102.5,75.412052
175,105,75.416015
175,107.5,75.419979
175,110,75.423943
175,112.5,75.427907
175,115,75.431871
175,117.5,75.435834
175,120,75.439798
175,122.5,75.443762
175,125,75.447726
175,127.5,75.45169
175,130,75.455653
175,132.5,75.459617
175,135,75.463581
175,137.5,75.467545
175,140,75.471509
175,142.5,75.475472
175,145,75.479436
175,147.5,75.4834
175,150,75.487364
175,152.5,75.491327
175,155,75.495291
175,157.5,75.499255
175,160,75.503219
175,162.5,75.507183
175,165,75.511146
175,167.5,75.51511
175,170,75.519074
175,172.5,75.523038
175,175,75.527002
175,177.5,75.530965
175,180,75.534929
175,182.5,75.538893
175,185,75.542857
175,187.5,75.546821
175,190,75.550784
175,192.5,75.554748
175,195,75.558712
175,197.5,75.562676
175,200,75.56664
175,202.5,75.570603
175,205,75.574567
175,207.5,75.578531
175,210,75.582495
175,212.5,75.586459
175,215,75.590422
175,217.5,75.594386
175,220,75.59835
175,222.5,75.602314
175,225,75.606277
175,227.5,75.610241
175,230,75.614205
175,232.5,75.618169
175,235,75.622133
175,237.5,75.626096
175,240,75.63006
175,242.5,75.634024
175,245,75.637988
175,247.5,75.641952
175,250,75.645915
175,252.5,75.649879
175,255,75.653843
175,257.5,75.657807
175,260,75.661771
175,262.5,75.665734
175,265,75.669698
175,267.5,75.673662
175,270,75.677626
175,272.5,75.68159
175,275,75.685553
175,277.5,75.689517
175,280,75.693481
175,282.5,75.697445
175,285,75.701409
175,287.5,75.705372
175,290,75.709336
175,292.5,75.7133
175,295,75.717264
175,297.5,75.721227
175,300,75.723209
180,0,80.100217
180,2.5,80.102199
180,5,80.106163
180,7.5,80.110127
180,10,80.11409
180,12.5,80.118054
180,15,80.122018
180,17.5,80.125982
180,20,80.129945
180,22.5,80.133909
180,25,80.137873
180,27.5,80.141837
180,30,80.145801
180,32.5,80.149764
180,35,80.153728
180,37.5,80.157692
180,40,80.161656
180,42.5,80.16562
180,45,80.169583
180,47.5,80.173547
180,50,80.177511
180,52.5,80.181475
180,55,80.185439
180,57.5,80.189402
180,60,80.193366
180,62.5,80.19733
180,65,80.201294
180,67.5,80.205258
180,70,80.209221
180,72.5,80.213185
180,75,80.217149
180,77.5,80.221113
180,80,80.225077
180,82.5,80.22904
180,85,80.233004
180,87.5,80.236968
180,90,80.240932
180,92.5,80.244896
180,95,80.248859
180,97.5,80.252823
180,100,80.256787
180,102.5,80.260751
180,105,80.264714
180,107.5,80.268678
180,110,80.272642
180,112.5,80.276606
180,115,80.28057
180,117.5,80.284533
180,120,80.288497
180,122.5,80.292461
180,125,80.296425
180,127.5,80.300389
180,130,80.304352
180,132.5,80.308316
180,135,80.31228
180,137.5,80.316244
180,140,80.320208
180,142.5,80.324171
180,145,80.328135
180,147.5,80.332099
180,150,80.336063
180,152.5,80.340027
180,155,80.34399
180,157.5,80.347954
180,160,80.351918
180,162.5,80.355882
180,165,80.359846
180,167.5,80.363809
180,170,80.367773
180,172.5,80.371737
180,175,80.375701
180,177.5,80.379665
180,180,80.383628
180,182.5,80.387592
180,185,80.391556
180,187.5,80.39552
180,190,80.399483
180,192.5,80.403447
180,195,80.407411
180,197.5,80.411375
180,200,80.415339
180,202.5,80.419302
180,205,80.423266
180,207.5,80.42723
180,210,80.431194
180,212.5,80.435158
180,215,80.439121
180,217.5,80.443085
180,220,80.447049
180,222.5,80.451013
180,225,80.454977
180,227.5,80.45894
180,230,80.462904
180,232.5,80.466868
180,235,80.470832
180,237.5,80.474796
180,240,80.478759
180,242.5,80.482723
180,245,80.486687
180,247.5,80.490651
180,250,80.494615
180,252.5,80.498578
180,255,80.502542
180,257.5,80.506506
180,260,80.51047
180,262.5,80.514434
180,265,80.518397
180,267.5,80.522361
180,270,80.526325
180,272.5,80.530289
180,275,80.534252
180,277.5,80.538216
180,280,80.54218
180,282.5,80.546144
180,285,80.550108
180,287.5,80.554071
180,290,80.558035
180,292.5,80.561999
180,295,80.565963
180,297.5,80.569927
180,300,80.571909
185,0,84.938466
185,2.5,84.940448
185,5,84.944412
185,7.5,84.948375
185,10,84.952339
185,12.5,84.956303
185,15,84.960267
185,17.5,84.964231
185,20,84.968194
185,22.5,84.972158
185,25,84.976122
185,27.5,84.980086
185,30,84.984049
185,32.5,84.988013
185,35,84.991977
185,37.5,84.995941
185,40,84.999905
185,42.5,85.003868
185,45,85.007832
185,47.5,85.011796
185,50,85.01576
185,52.5,85.019724
185,55,85.023687
185,57.5,85.027651
185,60,85.031615
185,62.5,85.035579
185,65,85.039543
185,67.5,85.043506
185,70,85.04747
185,72.5,85.051434
185,75,85.055398
185,77.5,85.059362
185,80,85.063325
185,82.5,85.067289
185,85,85.071253
185,87.5,85.075217
185,90,85.079181
185,92.5,85.083144
185,95,85.087108
185,97.5,85.091072
185,100,85.095036
185,102.5,85.099
185,105,85.102963
185,107.5,85.106927
185,110,85.110891
185,112.5,85.114855
185,115,85.118818
185,117.5,85.122782
185,120,85.126746
185,122.5,85.13071
185,125,85.134674
185,127.5,85.138637
185,130,85.142601
185,132.5,85.146565
185,135,85.150529
185,137.5,85.154493
185,140,85.158456
185,142.5,85.16242
185,145,85.166384
185,147.5,85.170348
185,150,85.174312
185,152.5,85.178275
185,155,85.182239
185,157.5,85.186203
185,160,85.190167
185,162.5,85.194131
185,165,85.198094
185,167.5,85.202058
185,170,85.206022
185,172.5,85.209986
185,175,85.21395
185,177.5,85.217913
185,180,85.221877
185,182.5,85.225841
185,185,85.229805
185,187.5,85.233769
185,190,85.237732
185,192.5,85.241696
185,195,85.24566
185,197.5,85.249624
185,200,85.253587
185,202.5,85.257551
185,205,85.261515
185,207.5,85.265479
185,210,85.269443
185,212.5,85.273406
185,215,85.27737
185,217.5,85.281334
185,220,85.285298
185,222.5,85.289262
185,225,85.293225
185,227.5,85.297189
185,230,85.301153
185,232.5,85.305117
185,235,85.309081
185,237.5,85.313044
185,240,85.317008
185,242.5,85.320972
185,245,85.324936
185,247.5,85.3289
185,250,85.332863
185,252.5,85.336827
185,255,85.340791
185,257.5,85.344755
185,260,85.348719
185,262.5,85.352682
185,265,85.356646
185,267.5,85.36061
185,270,85.364574
185,272.5,85.368538
185,275,85.372501
185,277.5,85.376465
185,280,85.380429
185,282.5,85.384393
185,285,85.388357
185,287.5,85.39232
185,290,85.396284
185,292.5,85.400248
185,295,85.404212
185,297.5,85.408175
185,300,85.410157
190,0,89.762045
190,2.5,89.764027
190,5,89.76799
190,7.5,89.771954
190,10,89.775918
190,12.5,89.779882
190,15,89.783845
190,17.5,89.787809
190,20,89.791773
190,22.5,89.795737
190,25,89.799701
190,27.5,89.803664
190,30,89.807628
190,32.5,89.811592
190,35,89.815556
190,37.5,89.81952
190,40,89.823483
190,42.5,89.827447
190,45,89.831411
190,47.5,89.835375
190,50,89.839339
190,52.5,89.843302
190,55,89.847266
190,57.5,89.85123
190,60,89.855194
190,62.5,89.859158
190,65,89.863121
190,67.5,89.867085
190,70,89.871049
190,72.5,89.875013
190,75,89.878977
190,77.5,89.88294
190,80,89.886904
190,82.5,89.890868
190,85,89.894832
190,87.5,89.898796
190,90,89.902759
190,92.5,89.906723
190,95,89.910687
190,97.5,89.914651
190,100,89.918614
190,102.5,89.922578
190,105,89.926542
190,107.5,89.930506
190,110,89.93447
190,112.5,89.938433
190,115,89.942397
190,117.5,89.946361
190,120,89.950325
190,122.5,89.954289
190,125,89.958252
190,127.5,89.962216
190,130,89.96618
190,132.5,89.970144
190,135,89.974108
190,137.5,89.978071
190,140,89.982035
190,142.5,89.985999
190,145,89.989963
190,147.5,89.993927
190,150,89.99789
190,152.5,90.001854
190,155,90.005818
190,157.5,90.009782
190,160,90.013746
190,162.5,90.017709
190,165,90.021673
190,167.5,90.025637
190,170,90.029601
190,172.5,90.033565
190,175,90.037528
190,177.5,90.041492
190,180,90.045456
190,182.5,90.04942
190,185,90.053384
190,187.5,90.057347
190,190,90.061311
190,192.5,90.065275
190,195,90.069239
190,197.5,90.073202
190,200,90.077166
190,202.5,90.08113
190,205,90.085094
190,207.5,90.089058
190,210,90.093021
190,212.5,90.096985
190,215,90.100949
190,217.5,90.104913
190,220,90.108877
190,222.5,90.11284
190,225,90.116804
190,227.5,90.120768
190,230,90.124732
190,232.5,90.128696
190,235,90.132659
190,237.5,90.136623
190,240,90.140587
190,242.5,90.144551
190,245,90.148515
190,247.5,90.152478
190,250,90.156442
190,252.5,90.160406
190,255,90.16437
190,257.5,90.168334
190,260,90.172297
190,262.5,90.176261
190,265,90.180225
190,267.5,90.184189
190,270,90.188153
190,272.5,90.192116
190,275,90.19608
190,277.5,90.200044
190,280,90.204008
190,282.5,90.207971
190,285,90.211935
190,287.5,90.215899
190,290,90.219863
190,292.5,90.223827
190,295,90.22779
190,297.5,90.231754
190,300,90.233736
195,0,94.565518
195,2.5,94.5675
195,5,94.571464
195,7.5,94.575427
195,10,94.579391
195,12.5,94.583355
195,15,94.587319
195,17.5,94.591283
195,20,94.595246
195,22.5,94.59921
195,25,94.603174
195,27.5,94.607138
195,30,94.611102
195,32.5,94.615065
195,35,94.619029
195,37.5,94.622993
195,40,94.626957
195,42.5,94.630921
195,45,94.634884
195,47.5,94.638848
195,50,94.642812
195,52.5,94.646776
195,55,94.65074
195,57.5,94.654703
195,60,94.658667
195,62.5,94.662631
195,65,94.666595
195,67.5,94.670559
195,70,94.674522
195,72.5,94.678486
195,75,94.68245
195,77.5,94.686414
195,80,94.690377
195,82.5,94.694341
195,85,94.698305
195,87.5,94.702269
195,90,94.706233
195,92.5,94.710196
195,95,94.71416
195,97.5,94.718124
195,100,94.722088
195,102.5,94.726052
195,105,94.730015
195,107.5,94.733979
195,110,94.737943
195,112.5,94.741907
195,115,94.745871
195,117.5,94.749834
195,120,94.753798
195,122.5,94.757762
195,125,94.761726
195,127.5,94.76569
195,130,94.769653
195,132.5,94.773617
195,135,94.777581
195,137.5,94.781545
195,140,94.785509
195,142.5,94.789472
195,145,94.793436
195,147.5,94.7974
195,150,94.801364
195,152.5,94.805328
195,155,94.809291
195,157.5,94.813255
195,160,94.817219
195,162.5,94.821183
195,165,94.825147
195,167.5,94.82911
195,170,94.833074
195,172.5,94.837038
195,175,94.841002
195,177.5,94.844965
195,180,94.848929
195,182.5,94.852893
195,185,94.856857
195,187.5,94.860821
195,190,94.864784
195,192.5,94.868748
195,195,94.872712
195,197.5,94.876676
195,200,94.88064
195,202.5,94.884603
195,205,94.888567
195,207.5,94.892531
195,210,94.896495
195,212.5,94.900459
195,215,94.904422
195,217.5,94.908386
195,220,94.91235
195,222.5,94.916314
195,225,94.920278
195,227.5,94.924241
195,230,94.928205
195,232.5,94.932169
195,235,94.936133
195,237.5,94.940097
195,240,94.94406
195,242.5,94.948024
195,245,94.951988
195,247.5,94.955952
195,250,94.959916
195,252.5,94.963879
195,255,94.967843
195,257.5,94.971807
195,260,94.975771
195,262.5,94.979734
195,265,94.983698
195,267.5,94.987662
195,270,94.991626
195,272.5,94.99559
195,275,94.999553
195,277.5,95.003517
195,280,95.007481
195,282.5,95.011445
195,285,95.015409
195,287.5,95.019372
195,290,95.023336
195,292.5,95.0273
195,295,95.031264
195,297.5,95.035228
195,300,95.03721
200,0,99.342044
200,2.5,99.344026
200,5,99.347989
200,7.5,99.351953
200,10,99.355917
200,12.5,99.359881
200,15,99.363845
200,17.5,99.367808
200,20,99.371772
200,22.5,99.375736
200,25,99.3797
200,27.5,99.383663
200,30,99.387627
200,32.5,99.391591
200,35,99.395555
200,37.5,99.399519
200,40,99.403482
200,42.5,99.407446
200,45,99.41141
200,47.5,99.415374
200,50,99.419338
200,52.5,99.423301
200,55,99.427265
200,57.5,99.431229
200,60,99.435193
200,62.5,99.439157
200,65,99.44312
200,67.5,99.447084
200,70,99.451048
200,72.5,99.455012
200,75,99.458976
200,77.5,99.462939
200,80,99.466903
200,82.5,99.470867
200,85,99.474831
200,87.5,99.478795
200,90,99.482758
200,92.5,99.486722
200,95,99.490686
200,97.5,99.49465
200,100,99.498614
200,102.5,99.502577
200,105,99.506541
200,107.5,99.510505
200,110,99.514469
200,112.5,99.518433
200,115,99.522396
200,117.5,99.52636
200,120,99.530324
200,122.5,99.534288
200,125,99.538251
200,127.5,99.542215
200,130,99.546179
200,132.5,99.550143
200,135,99.554107
200,137.5,99.55807
200,140,99.562034
200,142.5,99.565998
200,145,99.569962
200,147.5,99.573926
200,150,99.577889
200,152.5,99.581853
200,155,99.585817
200,157.5,99.589781
200,160,99.593745
200,162.5,99.597708
200,165,99.601672
200,167.5,99.605636
200,170,99.6096
200,172.5,99.613564
200,175,99.617527
200,177.5,99.621491
200,180,99.625455
200,182.5,99.629419
200,185,99.633383
200,187.5,99.637346
200,190,99.64131
200,192.5,99.645274
200,195,99.649238
200,197.5,99.653202
200,200,99.657165
200,202.5,99.661129
200,205,99.665093
200,207.5,99.669057
200,210,99.67302
200,212.5,99.676984
200,215,99.680948
200,217.5,99.684912
200,220,99.688876
200,222.5,99.692839
200,225,99.696803
200,227.5,99.700767
200,230,99.704731
200,232.5,99.708695
200,235,99.712658
200,237.5,99.716622
200,240,99.720586
200,242.5,99.72455
200,245,99.728514
200,247.5,99.732477
200,250,99.736441
200,252.5,99.740405
200,255,99.744369
200,257.5,99.748333
200,260,99.752296
200,262.5,99.75626
200,265,99.760224
200,267.5,99.764188
200,270,99.768152
200,272.5,99.772115
200,275,99.776079
200,277.5,99.780043
200,280,99.784007
200,282.5,99.787971
200,285,99.791934
200,287.5,99.795898
200,290,99.799862
200,292.5,99.803826
200,295,99.80779
200,297.5,99.811753
200,300,99.813735
205,0,104.08319
205,2.5,104.08517
205,5,104.08914
205,7.5,104.0931
205,10,104.09706
205,12.5,104.10103
205,15,104.10499
205,17.5,104.10896
205,20,104.11292
205,22.5,104.11688
205,25,104.12085
205,27.5,104.12481
205,30,104.12877
205,32.5,104.13274
205,35,104.1367
205,37.5,104.14067
205,40,104.14463
205,42.5,104.14859
205,45,104.15256
205,47.5,104.15652
205,50,104.16048
205,52.5,104.16445
205,55,104.16841
205,57.5,104.17238
205,60,104.17634
205,62.5,104.1803
205,65,104.18427
205,67.5,104.18823
205,70,104.1922
205,72.5,104.19616
205,75,104.20012
205,77.5,104.20409
205,80,104.20805
205,82.5,104.21201
205,85,104.21598
205,87.5,104.21994
205,90,104.22391
205,92.5,104.22787
205,95,104.23183
205,97.5,104.2358
205,100,104.23976
205,102.5,104.24372
205,105,104.24769
205,107.5,104.25165
205,110,104.25562
205,112.5,104.25958
205,115,104.26354
205,117.5,104.26751
205,120,104.27147
205,122.5,104.27544
205,125,104.2794
205,127.5,104.28336
205,130,104.28733
205,132.5,104.29129
205,135,104.29525
205,137.5,104.29922
205,140,104.30318
205,142.5,104.30715
205,145,104.31111
205,147.5,104.31507
205,150,104.31904
205,152.5,104.323
205,155,104.32696
205,157.5,104.33093
205,160,104.33489
205,162.5,104.33886
205,165,104.34282
205,167.5,104.34678
205,170,104.35075
205,172.5,104.35471
205,175,104.35867
205,177.5,104.36264
205,180,104.3666
205,182.5,104.37057
205,185,104.37453
205,187.5,104.37849
205,190,104.38246
205,192.5,104.38642
205,195,104.39039
205,197.5,104.39435
205,200,104.39831
205,202.5,104.40228
205,205,104.40624
205,207.5,104.4102
205,210,104.41417
205,212.5,104.41813
205,215,104.4221
205,217.5,104.42606
205,220,104.43002
205,222.5,104.43399
205,225,104.43795
205,227.5,104.44191
205,230,104.44588
205,232.5,104.44984
205,235,104.45381
205,237.5,104.45777
205,240,104.46173
205,242.5,104.4657
205,245,104.46966
205,247.5,104.47362
205,250,104.47759
205,252.5,104.48155
205,255,104.48552
205,257.5,104.48948
205,260,104.49344
205,262.5,104.49741
205,265,104.50137
205,267.5,104.50534
205,270,104.5093
205,272.5,104.51326
205,275,104.51723
205,277.5,104.52119
205,280,104.52515
205,282.5,104.52912
205,285,104.53308
205,287.5,104.53705
205,290,104.54101
205,292.5,104.54497
205,295,104.54894
205,297.5,104.5529
205,300,104.55488
210,0,108.77878
210,2.5,108.78076
210,5,108.78472
210,7.5,108.78869
210,10,108.79265
210,12.5,108.79662
210,15,108.80058
210,17.5,108.80454
210,20,108.80851
210,22.5,108.81247
210,25,108.81643
210,27.5,108.8204
210,30,108.82436
210,32.5,108.82833
210,35,108.83229
210,37.5,108.83625
210,40,108.84022
210,42.5,108.84418
210,45,108.84814
210,47.5,108.85211
210,50,108.85607
210,52.5,108.86004
210,55,108.864
210,57.5,108.86796
210,60,108.87193
210,62.5,108.87589
210,65,108.87985
210,67.5,108.88382
210,70,108.88778
210,72.5,108.89175
210,75,108.89571
210,77.5,108.89967
210,80,108.90364
210,82.5,108.9076
210,85,108.91157
210,87.5,108.91553
210,90,108.91949
210,92.5,108.92346
210,95,108.92742
210,97.5,108.93138
210,100,108.93535
210,102.5,108.93931
210,105,108.94328
210,107.5,108.94724
210,110,108.9512
210,112.5,108.95517
210,115,108.95913
210,117.5,108.96309
210,120,108.96706
210,122.5,108.97102
210,125,108.97499
210,127.5,108.97895
210,130,108.98291
210,132.5,108.98688
210,135,108.99084
210,137.5,108.9948
210,140,108.99877
210,142.5,109.00273
210,145,109.0067
210,147.5,109.01066
210,150,109.01462
210,152.5,109.01859
210,155,109.02255
210,157.5,109.02652
210,160,109.03048
210,162.5,109.03444
210,165,109.03841
210,167.5,109.04237
210,170,109.04633
210,172.5,109.0503
210,175,109.05426
210,177.5,109.05823
210,180,109.06219
210,182.5,109.06615
210,185,109.07012
210,187.5,109.07408
210,190,109.07804
210,192.5,109.08201
210,195,109.08597
210,197.5,109.08994
210,200,109.0939
210,202.5,109.09786
210,205,109.10183
210,207.5,109.10579
210,210,109.10975
210,212.5,109.11372
210,215,109.11768
210,217.5,109.12165
210,220,109.12561
210,222.5,109.12957
210,225,109.13354
210,227.5,109.1375
210,230,109.14147
210,232.5,109.14543
210,235,109.14939
210,237.5,109.15336
210,240,109.15732
210,242.5,109.16128
210,245,109.16525
210,247.5,109.16921
210,250,109.17318
210,252.5,109.17714
210,255,109.1811
210,257.5,109.18507
210,260,109.18903
210,262.5,109.19299
210,265,109.19696
210,267.5,109.20092
210,270,109.20489
210,272.5,109.20885
210,275,109.21281
210,277.5,109.21678
210,280,109.22074
210,282.5,109.2247
210,285,109.22867
210,287.5,109.23263
210,290,109.2366
210,292.5,109.24056
210,295,109.24452
210,297.5,109.24849
210,300,109.25047
215,0,113.41674
215,2.5,113.41872
215,5,113.42268
215,7.5,113.42665
215,10,113.43061
215,12.5,113.43457
215,15,113.43854
215,17.5,113.4425
215,20,113.44646
215,22.5,113.45043
215,25,113.45439
215,27.5,113.45836
215,30,113.46232
215,32.5,113.46628
215,35,113.47025
215,37.5,113.47421
215,40,113.47818
215,42.5,113.48214
215,45,113.4861
215,47.5,113.49007
215,50,113.49403
215,52.5,113.49799
215,55,113.50196
215,57.5,113.50592
215,60,113.50989
215,62.5,113.51385
215,65,113.51781
215,67.5,113.52178
215,70,113.52574
215,72.5,113.5297
215,75,113.53367
215,77.5,113.53763
215,80,113.5416
215,82.5,113.54556
215,85,113.54952
215,87.5,113.55349
215,90,113.55745
215,92.5,113.56141
215,95,113.56538
215,97.5,113.56934
215,100,113.57331
215,102.5,113.57727
215,105,113.58123
215,107.5,113.5852
215,110,113.58916
215,112.5,113.59313
215,115,113.59709
215,117.5,113.60105
215,120,113.60502
215,122.5,113.60898
215,125,113.61294
215,127.5,113.61691
215,130,113.62087
215,132.5,113.62484
215,135,113.6288
215,137.5,113.63276
215,140,113.63673
215,142.5,113.64069
215,145,113.64465
215,147.5,113.64862
215,150,113.65258
215,152.5,113.65655
215,155,113.66051
215,157.5,113.66447
215,160,113.66844
215,162.5,113.6724
215,165,113.67636
215,167.5,113.68033
215,170,113.68429
215,172.5,113.68826
215,175,113.69222
215,177.5,113.69618
215,180,113.70015
215,182.5,113.70411
215,185,113.70808
215,187.5,113.71204
215,190,113.716
215,192.5,113.71997
215,195,113.72393
215,197.5,113.72789
215,200,113.73186
215,202.5,113.73582
215,205,113.73979
215,207.5,113.74375
215,210,113.74771
215,212.5,113.75168
215,215,113.75564
215,217.5,113.7596
215,220,113.76357
215,222.5,113.76753
215,225,113.7715
215,227.5,113.77546
215,230,113.77942
215,232.5,113.78339
215,235,113.78735
215,237.5,113.79131
215,240,113.79528
215,242.5,113.79924
215,245,113.80321
215,247.5,113.80717
215,250,113.81113
215,252.5,113.8151
215,255,113.81906
215,257.5,113.82303
215,260,113.82699
215,262.5,113.83095
215,265,113.83492
215,267.5,113.83888
215,270,113.84284
215,272.5,113.84681
215,275,113.85077
215,277.5,113.85474
215,280,113.8587
215,282.5,113.86266
215,285,113.86663
215,287.5,113.87059
215,290,113.87455
215,292.5,113.87852
215,295,113.88248
215,297.5,113.88645
215,300,113.88843
220,0,117.98301
220,2.5,117.98499
220,5,117.98895
220,7.5,117.99292
220,10,117.99688
220,12.5,118.00085
220,15,118.00481
220,17.5,118.00877
220,20,118.01274
220,22.5,118.0167
220,25,118.02067
220,27.5,118.02463
220,30,118.02859
220,32.5,118.03256
220,35,118.03652
220,37.5,118.04048
220,40,118.04445
220,42.5,118.04841
220,45,118.05238
220,47.5,118.05634
220,50,118.0603
220,52.5,118.06427
220,55,118.06823
220,57.5,118.07219
220,60,118.07616
220,62.5,118.08012
220,65,118.08409
220,67.5,118.08805
220,70,118.09201
220,72.5,118.09598
220,75,118.09994
220,77.5,118.1039
220,80,118.10787
220,82.5,118.11183
220,85,118.1158
220,87.5,118.11976
220,90,118.12372
220,92.5,118.12769
220,95,118.13165
220,97.5,118.13562
220,100,118.13958
220,102.5,118.14354
220,105,118.14751
220,107.5,118.15147
220,110,118.15543
220,112.5,118.1594
220,115,118.16336
220,117.5,118.16733
220,120,118.17129
220,122.5,118.17525
220,125,118.17922
220,127.5,118.18318
220,130,118.18714
220,132.5,118.19111
220,135,118.19507
220,137.5,118.19904
220,140,118.203
220,142.5,118.20696
220,145,118.21093
220,147.5,118.21489
220,150,118.21885
220,152.5,118.22282
220,155,118.22678
220,157.5,118.23075
220,160,118.23471
220,162.5,118.23867
220,165,118.24264
220,167.5,118.2466
220,170,118.25057
220,172.5,118.25453
220,175,118.25849
220,177.5,118.26246
220,180,118.26642
220,182.5,118.27038
220,185,118.27435
220,187.5,118.27831
220,190,118.28228
220,192.5,118.28624
220,195,118.2902
220,197.5,118.29417
220,200,118.29813
220,202.5,118.30209
220,205,118.30606
220,207.5,118.31002
220,210,118.31399
220,212.5,118.31795
220,215,118.32191
220,217.5,118.32588
220,220,118.32984
220,222.5,118.3338
220,225,118.33777
220,227.5,118.34173
220,230,118.3457
220,232.5,118.34966
220,235,118.35362
220,237.5,118.35759
220,240,118.36155
220,242.5,118.36552
220,245,118.36948
220,247.5,118.37344
220,250,118.37741
220,252.5,118.38137
220,255,118.38533
220,257.5,118.3893
220,260,118.39326
220,262.5,118.39723
220,265,118.40119
220,267.5,118.40515
220,270,118.40912
220,272.5,118.41308
220,275,118.41704
220,277.5,118.42101
220,280,118.42497
220,282.5,118.42894
220,285,118.4329
220,287.5,118.43686
220,290,118.44083
220,292.5,118.44479
220,295,118.44875
220,297.5,118.45272
220,300,118.4547
225,0,122.46149
225,2.5,122.46347
225,5,122.46744
225,7.5,122.4714
225,10,122.47536
225,12.5,122.47933
225,15,122.48329
225,17.5,122.48726
225,20,122.49122
225,22.5,122.49518
225,25,122.49915
225,27.5,122.50311
225,30,122.50708
225,32.5,122.51104
225,35,122.515
225,37.5,122.51897
225,40,122.52293
225,42.5,122.52689
225,45,122.53086
225,47.5,122.53482
225,50,122.53879
225,52.5,122.54275
225,55,122.54671
225,57.5,122.55068
225,60,122.55464
225,62.5,122.5586
225,65,122.56257
225,67.5,122.56653
225,70,122.5705
225,72.5,122.57446
225,75,122.57842
225,77.5,122.58239
225,80,122.58635
225,82.5,122.59032
225,85,122.59428
225,87.5,122.59824
225,90,122.60221
225,92.5,122.60617
225,95,122.61013
225,97.5,122.6141
225,100,122.61806
225,102.5,122.62203
225,105,122.62599
225,107.5,122.62995
225,110,122.63392
225,112.5,122.63788
225,115,122.64184
225,117.5,122.64581
225,120,122.64977
225,122.5,122.65374
225,125,122.6577
225,127.5,122.66166
225,130,122.66563
225,132.5,122.66959
225,135,122.67355
225,137.5,122.67752
225,140,122.68148
225,142.5,122.68545
225,145,122.68941
225,147.5,122.69337
225,150,122.69734
225,152.5,122.7013
225,155,122.70527
225,157.5,122.70923
225,160,122.71319
225,162.5,122.71716
225,165,122.72112
225,167.5,122.72508
225,170,122.72905
225,172.5,122.73301
225,175,122.73698
225,177.5,122.74094
225,180,122.7449
225,182.5,122.74887
225,185,122.75283
225,187.5,122.75679
225,190,122.76076
225,192.5,122.76472
225,195,122.76869
225,197.5,122.77265
225,200,122.77661
225,202.5,122.78058
225,205,122.78454
225,207.5,122.7885
225,210,122.79247
225,212.5,122.79643
225,215,122.8004
225,217.5,122.80436
225,220,122.80832
225,222.5,122.81229
225,225,122.81625
225,227.5,122.82022
225,230,122.82418
225,232.5,122.82814
225,235,122.83211
225,237.5,122.83607
225,240,122.84003
225,242.5,122.844
225,245,122.84796
225,247.5,122.85193
225,250,122.85589
225,252.5,122.85985
225,255,122.86382
225,257.5,122.86778
225,260,122.87174
225,262.5,122.87571
225,265,122.87967
225,267.5,122.88364
225,270,122.8876
225,272.5,122.89156
225,275,122.89553
225,277.5,122.89949
225,280,122.90345
225,282.5,122.90742
225,285,122.91138
225,287.5,122.91535
225,290,122.91931
225,292.5,122.92327
225,295,122.92724
225,297.5,122.9312
225,300,122.93318
230,0,126.83402
230,2.5,126.836
230,5,126.83996
230,7.5,126.84393
230,10,126.84789
230,12.5,126.85185
230,15,126.85582
230,17.5,126.85978
230,20,126.86374
230,22.5,126.86771
230,25,126.87167
230,27.5,126.87564
230,30,126.8796
230,32.5,126.88356
230,35,126.88753
230,37.5,126.89149
230,40,126.89545
230,42.5,126.89942
230,45,126.90338
230,47.5,126.90735
230,50,126.91131
230,52.5,126.91527
230,55,126.91924
230,57.5,126.9232
230,60,126.92716
230,62.5,126.93113
230,65,126.93509
230,67.5,126.93906
230,70,126.94302
230,72.5,126.94698
230,75,126.95095
230,77.5,126.95491
230,80,126.95888
230,82.5,126.96284
230,85,126.9668
230,87.5,126.97077
230,90,126.97473
230,92.5,126.97869
230,95,126.98266
230,97.5,126.98662
230,100,126.99059
230,102.5,126.99455
230,105,126.99851
230,107.5,127.00248
230,110,127.00644
230,112.5,127.0104
230,115,127.01437
230,117.5,127.01833
230,120,127.0223
230,122.5,127.02626
230,125,127.03022
230,127.5,127.03419
230,130,127.03815
230,132.5,127.04211
230,135,127.04608
230,137.5,127.05004
230,140,127.05401
230,142.5,127.05797
230,145,127.06193
230,147.5,127.0659
230,150,127.06986
230,152.5,127.07383
230,155,127.07779
230,157.5,127.08175
230,160,127.08572
230,162.5,127.08968
230,165,127.09364
230,167.5,127.09761
230,170,127.10157
230,172.5,127.10554
230,175,127.1095
230,177.5,127.11346
230,180,127.11743
230,182.5,127.12139
230,185,127.12535
230,187.5,127.12932
230,190,127.13328
230,192.5,127.13725
230,195,127.14121
230,197.5,127.14517
230,200,127.14914
230,202.5,127.1531
230,205,127.15707
230,207.5,127.16103
230,210,127.16499
230,212.5,127.16896
230,215,127.17292
230,217.5,127.17688
230,220,127.18085
230,222.5,127.18481
230,225,127.18878
230,227.5,127.19274
230,230,127.1967
230,232.5,127.20067
230,235,127.20463
230,237.5,127.20859
230,240,127.21256
230,242.5,127.21652
230,245,127.22049
230,247.5,127.22445
230,250,127.22841
230,252.5,127.23238
230,255,127.23634
230,257.5,127.2403
230,260,127.24427
230,262.5,127.24823
230,265,127.2522
230,267.5,127.25616
230,270,127.26012
230,272.5,127.26409
230,275,127.26805
230,277.5,127.27202
230,280,127.27598
230,282.5,127.27994
230,285,127.28391
230,287.5,127.28787
230,290,127.29183
230,292.5,127.2958
230,295,127.29976
230,297.5,127.30373
230,300,127.30571
235,0,131.08038
235,2.5,131.08236
235,5,131.08632
235,7.5,131.09029
235,10,131.09425
235,12.5,131.09822
235,15,131.10218
235,17.5,131.10614
235,20,131.11011
235,22.5,131.11407
235,25,131.11804
235,27.5,131.122
235,30,131.12596
235,32.5,131.12993
235,35,131.13389
235,37.5,131.13785
235,40,131.14182
235,42.5,131.14578
235,45,131.14975
235,47.5,131.15371
235,50,131.15767
235,52.5,131.16164
235,55,131.1656
235,57.5,131.16956
235,60,131.17353
235,62.5,131.17749
235,65,131.18146
235,67.5,131.18542
235,70,131.18938
235,72.5,131.19335
235,75,131.19731
235,77.5,131.20127
235,80,131.20524
235,82.5,131.2092
235,85,131.21317
235,87.5,131.21713
235,90,131.22109
235,92.5,131.22506
235,95,131.22902
235,97.5,131.23299
235,100,131.23695
235,102.5,131.24091
235,105,131.24488
235,107.5,131.24884
235,110,131.2528
235,112.5,131.25677
235,115,131.26073
235,117.5,131.2647
235,120,131.26866
235,122.5,131.27262
235,125,131.27659
235,127.5,131.28055
235,130,131.28451
235,132.5,131.28848
235,135,131.29244
235,137.5,131.29641
235,140,131.30037
235,142.5,131.30433
235,145,131.3083
235,147.5,131.31226
235,150,131.31622
235,152.5,131.32019
235,155,131.32415
235,157.5,131.32812
235,160,131.33208
235,162.5,131.33604
235,165,131.34001
235,167.5,131.34397
235,170,131.34794
235,172.5,131.3519
235,175,131.35586
235,177.5,131.35983
235,180,131.36379
235,182.5,131.36775
235,185,131.37172
235,187.5,131.37568
235,190,131.37965
235,192.5,131.38361
235,195,131.38757
235,197.5,131.39154
235,200,131.3955
235,202.5,131.39946
235,205,131.40343
235,207.5,131.40739
235,210,131.41136
235,212.5,131.41532
235,215,131.41928
235,217.5,131.42325
235,220,131.42721
235,222.5,131.43117
235,225,131.43514
235,227.5,131.4391
235,230,131.44307
235,232.5,131.44703
235,235,131.45099
235,237.5,131.45496
235,240,131.45892
235,242.5,131.46289
235,245,131.46685
235,247.5,131.47081
235,250,131.47478
235,252.5,131.47874
235,255,131.4827
235,257.5,131.48667
235,260,131.49063
235,262.5,131.4946
235,265,131.49856
235,267.5,131.50252
235,270,131.50649
235,272.5,131.51045
235,275,131.51441
235,277.5,131.51838
235,280,131.52234
235,282.5,131.52631
235,285,131.53027
235,287.5,131.53423
235,290,131.5382
235,292.5,131.54216
235,295,131.54612
235,297.5,131.55009
235,300,131.55207
240,0,135.17842
240,2.5,135.18041
240,5,135.18437
240,7.5,135.18833
240,10,135.1923
240,12.5,135.19626
240,15,135.20022
240,17.5,135.20419
240,20,135.20815
240,22.5,135.21212
240,25,135.21608
240,27.5,135.22004
240,30,135.22401
240,32.5,135.22797
240,35,135.23193
240,37.5,135.2359
240,40,135.23986
240,42.5,135.24383
240,45,135.24779
240,47.5,135.25175
240,50,135.25572
240,52.5,135.25968
240,55,135.26365
240,57.5,135.26761
240,60,135.27157
240,62.5,135.27554
240,65,135.2795
240,67.5,135.28346
240,70,135.28743
240,72.5,135.29139
240,75,135.29536
240,77.5,135.29932
240,80,135.30328
240,82.5,135.30725
240,85,135.31121
240,87.5,135.31517
240,90,135.31914
240,92.5,135.3231
240,95,135.32707
240,97.5,135.33103
240,100,135.33499
240,102.5,135.33896
240,105,135.34292
240,107.5,135.34689
240,110,135.35085
240,112.5,135.35481
240,115,135.35878
240,117.5,135.36274
240,120,135.3667
240,122.5,135.37067
240,125,135.37463
240,127.5,135.3786
240,130,135.38256
240,132.5,135.38652
240,135,135.39049
240,137.5,135.39445
240,140,135.39841
240,142.5,135.40238
240,145,135.40634
240,147.5,135.41031
240,150,135.41427
240,152.5,135.41823
240,155,135.4222
240,157.5,135.42616
240,160,135.43012
240,162.5,135.43409
240,165,135.43805
240,167.5,135.44202
240,170,135.44598
240,172.5,135.44994
240,175,135.45391
240,177.5,135.45787
240,180,135.46184
240,182.5,135.4658
240,185,135.46976
240,187.5,135.47373
240,190,135.47769
240,192.5,135.48165
240,195,135.48562
240,197.5,135.48958
240,200,135.49355
240,202.5,135.49751
240,205,135.50147
240,207.5,135.50544
240,210,135.5094
240,212.5,135.51336
240,215,135.51733
240,217.5,135.52129
240,220,135.52526
240,222.5,135.52922
240,225,135.53318
240,227.5,135.53715
240,230,135.54111
240,232.5,135.54507
240,235,135.54904
240,237.5,135.553
240,240,135.55697
240,242.5,135.56093
240,245,135.56489
240,247.5,135.56886
240,250,135.57282
240,252.5,135.57679
240,255,135.58075
240,257.5,135.58471
240,260,135.58868
240,262.5,135.59264
240,265,135.5966
240,267.5,135.60057
240,270,135.60453
240,272.5,135.6085
240,275,135.61246
240,277.5,135.61642
240,280,135.62039
240,282.5,135.62435
240,285,135.62831
240,287.5,135.63228
240,290,135.63624
240,292.5,135.64021
240,295,135.64417
240,297.5,135.64813
240,300,135.65012
245,0,139.10416
245,2.5,139.10614
245,5,139.1101
245,7.5,139.11407
245,10,139.11803
245,12.5,139.12199
245,15,139.12596
245,17.5,139.12992
245,20,139.13389
245,22.5,139.13785
245,25,139.14181
245,27.5,139.14578
245,30,139.14974
245,32.5,139.1537
245,35,139.15767
245,37.5,139.16163
245,40,139.1656
245,42.5,139.16956
245,45,139.17352
245,47.5,139.17749
245,50,139.18145
245,52.5,139.18542
245,55,139.18938
245,57.5,139.19334
245,60,139.19731
245,62.5,139.20127
245,65,139.20523
245,67.5,139.2092
245,70,139.21316
245,72.5,139.21713
245,75,139.22109
245,77.5,139.22505
245,80,139.22902
245,82.5,139.23298
245,85,139.23694
245,87.5,139.24091
245,90,139.24487
245,92.5,139.24884
245,95,139.2528
245,97.5,139.25676
245,100,139.26073
245,102.5,139.26469
245,105,139.26865
245,107.5,139.27262
245,110,139.27658
245,112.5,139.28055
245,115,139.28451
245,117.5,139.28847
245,120,139.29244
245,122.5,139.2964
245,125,139.30037
245,127.5,139.30433
245,130,139.30829
245,132.5,139.31226
245,135,139.31622
245,137.5,139.32018
245,140,139.32415
245,142.5,139.32811
245,145,139.33208
245,147.5,139.33604
245,150,139.34
245,152.5,139.34397
245,155,139.34793
245,157.5,139.35189
245,160,139.35586
245,162.5,139.35982
245,165,139.36379
245,167.5,139.36775
245,170,139.37171
245,172.5,139.37568
245,175,139.37964
245,177.5,139.3836
245,180,139.38757
245,182.5,139.39153
245,185,139.3955
245,187.5,139.39946
245,190,139.40342
245,192.5,139.40739
245,195,139.41135
245,197.5,139.41532
245,200,139.41928
245,202.5,139.42324
245,205,139.42721
245,207.5,139.43117
245,210,139.43513
245,212.5,139.4391
245,215,139.44306
245,217.5,139.44703
245,220,139.45099
245,222.5,139.45495
245,225,139.45892
245,227.5,139.46288
245,230,139.46684
245,232.5,139.47081
245,235,139.47477
245,237.5,139.47874
245,240,139.4827
245,242.5,139.48666
245,245,139.49063
245,247.5,139.49459
245,250,139.49855
245,252.5,139.50252
245,255,139.50648
245,257.5,139.51045
245,260,139.51441
245,262.5,139.51837
245,265,139.52234
245,267.5,139.5263
245,270,139.53027
245,272.5,139.53423
245,275,139.53819
245,277.5,139.54216
245,280,139.54612
245,282.5,139.55008
245,285,139.55405
245,287.5,139.55801
245,290,139.56198
245,292.5,139.56594
245,295,139.5699
245,297.5,139.57387
245,300,139.57585
250,0,142.83191
250,2.5,142.8339
250,5,142.83786
250,7.5,142.84182
250,10,142.84579
250,12.5,142.84975
250,15,142.85372
250,17.5,142.85768
250,20,142.86164
250,22.5,142.86561
250,25,142.86957
250,27.5,142.87353
250,30,142.8775
250,32.5,142.88146
250,35,142.88543
250,37.5,142.88939
250,40,142.89335
250,42.5,142.89732
250,45,142.90128
250,47.5,142.90525
250,50,142.90921
250,52.5,142.91317
250,55,142.91714
250,57.5,142.9211
250,60,142.92506
250,62.5,142.92903
250,65,142.93299
250,67.5,142.93696
250,70,142.94092
250,72.5,142.94488
250,75,142.94885
250,77.5,142.95281
250,80,142.95677
250,82.5,142.96074
250,85,142.9647
250,87.5,142.96867
250,90,142.97263
250,92.5,142.97659
250,95,142.98056
250,97.5,142.98452
250,100,142.98848
250,102.5,142.99245
250,105,142.99641
250,107.5,143.00038
250,110,143.00434
250,112.5,143.0083
250,115,143.01227
250,117.5,143.01623
250,120,143.0202
250,122.5,143.02416
250,125,143.02812
250,127.5,143.03209
250,130,143.03605
250,132.5,143.04001
250,135,143.04398
250,137.5,143.04794
250,140,143.05191
250,142.5,143.05587
250,145,143.05983
250,147.5,143.0638
250,150,143.06776
250,152.5,143.07172
250,155,143.07569
250,157.5,143.07965
250,160,143.08362
250,162.5,143.08758
250,165,143.09154
250,167.5,143.09551
250,170,143.09947
250,172.5,143.10343
250,175,143.1074
250,177.5,143.11136
250,180,143.11533
250,182.5,143.11929
250,185,143.12325
250,187.5,143.12722
250,190,143.13118
250,192.5,143.13515
250,195,143.13911
250,197.5,143.14307
250,200,143.14704
250,202.5,143.151
250,205,143.15496
250,207.5,143.15893
250,210,143.16289
250,212.5,143.16686
250,215,143.17082
250,217.5,143.17478
250,220,143.17875
250,222.5,143.18271
250,225,143.18667
250,227.5,143.19064
250,230,143.1946
250,232.5,143.19857
250,235,143.20253
250,237.5,143.20649
250,240,143.21046
250,242.5,143.21442
250,245,143.21838
250,247.5,143.22235
250,250,143.22631
250,252.5,143.23028
250,255,143.23424
250,257.5,143.2382
250,260,143.24217
250,262.5,143.24613
250,265,143.2501
250,267.5,143.25406
250,270,143.25802
250,272.5,143.26199
250,275,143.26595
250,277.5,143.26991
250,280,143.27388
250,282.5,143.27784
250,285,143.28181
250,287.5,143.28577
250,290,143.28973
250,292.5,143.2937
250,295,143.29766
250,297.5,143.30162
250,300,143.30361
255,0,146.33456
255,2.5,146.33654
255,5,146.3405
255,7.5,146.34447
255,10,146.34843
255,12.5,146.35239
255,15,146.35636
255,17.5,146.36032
255,20,146.36429
255,22.5,146.36825
255,25,146.37221
255,27.5,146.37618
255,30,146.38014
255,32.5,146.38411
255,35,146.38807
255,37.5,146.39203
255,40,146.396
255,42.5,146.39996
255,45,146.40392
255,47.5,146.40789
255,50,146.41185
255,52.5,146.41582
255,55,146.41978
255,57.5,146.42374
255,60,146.42771
255,62.5,146.43167
255,65,146.43563
255,67.5,146.4396
255,70,146.44356
255,72.5,146.44753
255,75,146.45149
255,77.5,146.45545
255,80,146.45942
255,82.5,146.46338
255,85,146.46734
255,87.5,146.47131
255,90,146.47527
255,92.5,146.47924
255,95,146.4832
255,97.5,146.48716
255,100,146.49113
255,102.5,146.49509
255,105,146.49906
255,107.5,146.50302
255,110,146.50698
255,112.5,146.51095
255,115,146.51491
255,117.5,146.51887
255,120,146.52284
255,122.5,146.5268
255,125,146.53077
255,127.5,146.53473
255,130,146.53869
255,132.5,146.54266
255,135,146.54662
255,137.5,146.55058
255,140,146.55455
255,142.5,146.55851
255,145,146.56248
255,147.5,146.56644
255,150,146.5704
255,152.5,146.57437
255,155,146.57833
255,157.5,146.58229
255,160,146.58626
255,162.5,146.59022
255,165,146.59419
255,167.5,146.59815
255,170,146.60211
255,172.5,146.60608
255,175,146.61004
255,177.5,146.61401
255,180,146.61797
255,182.5,146.62193
255,185,146.6259
255,187.5,146.62986
255,190,146.63382
255,192.5,146.63779
255,195,146.64175
255,197.5,146.64572
255,200,146.64968
255,202.5,146.65364
255,205,146.65761
255,207.5,146.66157
255,210,146.66553
255,212.5,146.6695
255,215,146.67346
255,217.5,146.67743
255,220,146.68139
255,222.5,146.68535
255,225,146.68932
255,227.5,146.69328
255,230,146.69724
255,232.5,146.70121
255,235,146.70517
255,237.5,146.70914
255,240,146.7131
255,242.5,146.71706
255,245,146.72103
255,247.5,146.72499
255,250,146.72896
255,252.5,146.73292
255,255,146.73688
255,257.5,146.74085
255,260,146.74481
255,262.5,146.74877
255,265,146.75274
255,267.5,146.7567
255,270,146.76067
255,272.5,146.76463
255,275,146.76859
255,277.5,146.77256
255,280,146.77652
255,282.5,146.78048
255,285,146.78445
255,287.5,146.78841
255,290,146.79238
255,292.5,146.79634
255,295,146.8003
255,297.5,146.80427
255,300,146.80625
260,0,149.5837
260,2.5,149.58568
260,5,149.58964
260,7.5,149.59361
260,10,149.59757
260,12.5,149.60154
260,15,149.6055
260,17.5,149.60946
260,20,149.61343
260,22.5,149.61739
260,25,149.62135
260,27.5,149.62532
260,30,149.62928
260,32.5,149.63325
260,35,149.63721
260,37.5,149.64117
260,40,149.64514
260,42.5,149.6491
260,45,149.65306
260,47.5,149.65703
260,50,149.66099
260,52.5,149.66496
260,55,149.66892
260,57.5,149.67288
260,60,149.67685
260,62.5,149.68081
260,65,149.68477
260,67.5,149.68874
260,70,149.6927
260,72.5,149.69667
260,75,149.70063
260,77.5,149.70459
260,80,149.70856
260,82.5,149.71252
260,85,149.71649
260,87.5,149.72045
260,90,149.72441
260,92.5,149.72838
260,95,149.73234
260,97.5,149.7363
260,100,149.74027
260,102.5,149.74423
260,105,149.7482
260,107.5,149.75216
260,110,149.75612
260,112.5,149.76009
260,115,149.76405
260,117.5,149.76801
260,120,149.77198
260,122.5,149.77594
260,125,149.77991
260,127.5,149.78387
260,130,149.78783
260,132.5,149.7918
260,135,149.79576
260,137.5,149.79972
260,140,149.80369
260,142.5,149.80765
260,145,149.81162
260,147.5,149.81558
260,150,149.81954
260,152.5,149.82351
260,155,149.82747
260,157.5,149.83144
260,160,149.8354
260,162.5,149.83936
260,165,149.84333
260,167.5,149.84729
260,170,149.85125
260,172.5,149.85522
260,175,149.85918
260,177.5,149.86315
260,180,149.86711
260,182.5,149.87107
260,185,149.87504
260,187.5,149.879
260,190,149.88296
260,192.5,149.88693
260,195,149.89089
260,197.5,149.89486
260,200,149.89882
260,202.5,149.90278
260,205,149.90675
260,207.5,149.91071
260,210,149.91467
260,212.5,149.91864
260,215,149.9226
260,217.5,149.92657
260,220,149.93053
260,222.5,149.93449
260,225,149.93846
260,227.5,149.94242
260,230,149.94639
260,232.5,149.95035
260,235,149.95431
260,237.5,149.95828
260,240,149.96224
260,242.5,149.9662
260,245,149.97017
260,247.5,149.97413
260,250,149.9781
260,252.5,149.98206
260,255,149.98602
260,257.5,149.98999
260,260,149.99395
260,262.5,149.99791
260,265,150.00188
260,267.5,150.00584
260,270,150.00981
260,272.5,150.01377
260,275,150.01773
260,277.5,150.0217
260,280,150.02566
260,282.5,150.02962
260,285,150.03359
260,287.5,150.03755
260,290,150.04152
260,292.5,150.04548
260,295,150.04944
260,297.5,150.05341
260,300,150.05539
265,0,152.54995
265,2.5,152.55193
265,5,152.55589
265,7.5,152.55986
265,10,152.56382
265,12.5,152.56779
265,15,152.57175
265,17.5,152.57571
265,20,152.57968
265,22.5,152.58364
265,25,152.58761
265,27.5,152.59157
265,30,152.59553
265,32.5,152.5995
265,35,152.60346
265,37.5,152.60742
265,40,152.61139
265,42.5,152.61535
265,45,152.61932
265,47.5,152.62328
265,50,152.62724
265,52.5,152.63121
265,55,152.63517
265,57.5,152.63913
265,60,152.6431
265,62.5,152.64706
265,65,152.65103
265,67.5,152.65499
265,70,152.65895
265,72.5,152.66292
265,75,152.66688
265,77.5,152.67084
265,80,152.67481
265,82.5,152.67877
265,85,152.68274
265,87.5,152.6867
265,90,152.69066
265,92.5,152.69463
265,95,152.69859
265,97.5,152.70256
265,100,152.70652
265,102.5,152.71048
265,105,152.71445
265,107.5,152.71841
265,110,152.72237
265,112.5,152.72634
265,115,152.7303
265,117.5,152.73427
265,120,152.73823
265,122.5,152.74219
265,125,152.74616
265,127.5,152.75012
265,130,152.75408
265,132.5,152.75805
265,135,152.76201
265,137.5,152.76598
265,140,152.76994
265,142.5,152.7739
265,145,152.77787
265,147.5,152.78183
265,150,152.7858
265,152.5,152.78976
265,155,152.79372
265,157.5,152.79769
265,160,152.80165
265,162.5,152.80561
265,165,152.80958
265,167.5,152.81354
265,170,152.81751
265,172.5,152.82147
265,175,152.82543
265,177.5,152.8294
265,180,152.83336
265,182.5,152.83732
265,185,152.84129
265,187.5,152.84525
265,190,152.84922
265,192.5,152.85318
265,195,152.85714
265,197.5,152.86111
265,200,152.86507
265,202.5,152.86903
265,205,152.873
265,207.5,152.87696
265,210,152.88093
265,212.5,152.88489
265,215,152.88885
265,217.5,152.89282
265,220,152.89678
265,222.5,152.90075
265,225,152.90471
265,227.5,152.90867
265,230,152.91264
265,232.5,152.9166
265,235,152.92056
265,237.5,152.92453
265,240,152.92849
265,242.5,152.93246
265,245,152.93642
265,247.5,152.94038
265,250,152.94435
265,252.5,152.94831
265,255,152.95227
265,257.5,152.95624
265,260,152.9602
265,262.5,152.96417
265,265,152.96813
265,267.5,152.97209
265,270,152.97606
265,272.5,152.98002
265,275,152.98398
265,277.5,152.98795
265,280,152.99191
265,282.5,152.99588
265,285,152.99984
265,287.5,153.0038
265,290,153.00777
265,292.5,153.01173
265,295,153.0157
265,297.5,153.01966
265,300,153.02164
270,0,155.20319
270,2.5,155.20517
270,5,155.20913
270,7.5,155.2131
270,10,155.21706
270,12.5,155.22103
270,15,155.22499
270,17.5,155.22895
270,20,155.23292
270,22.5,155.23688
270,25,155.24084
270,27.5,155.24481
270,30,155.24877
270,32.5,155.25274
270,35,155.2567
270,37.5,155.26066
270,40,155.26463
270,42.5,155.26859
270,45,155.27255
270,47.5,155.27652
270,50,155.28048
270,52.5,155.28445
270,55,155.28841
270,57.5,155.29237
270,60,155.29634
270,62.5,155.3003
270,65,155.30427
270,67.5,155.30823
270,70,155.31219
270,72.5,155.31616
270,75,155.32012
270,77.5,155.32408
270,80,155.32805
270,82.5,155.33201
270,85,155.33598
270,87.5,155.33994
270,90,155.3439
270,92.5,155.34787
270,95,155.35183
270,97.5,155.35579
270,100,155.35976
270,102.5,155.36372
270,105,155.36769
270,107.5,155.37165
270,110,155.37561
270,112.5,155.37958
270,115,155.38354
270,117.5,155.38751
270,120,155.39147
270,122.5,155.39543
270,125,155.3994
270,127.5,155.40336
270,130,155.40732
270,132.5,155.41129
270,135,155.41525
270,137.5,155.41922
270,140,155.42318
270,142.5,155.42714
270,145,155.43111
270,147.5,155.43507
270,150,155.43903
270,152.5,155.443
270,155,155.44696
270,157.5,155.45093
270,160,155.45489
270,162.5,155.45885
270,165,155.46282
270,167.5,155.46678
270,170,155.47074
270,172.5,155.47471
270,175,155.47867
270,177.5,155.48264
270,180,155.4866
270,182.5,155.49056
270,185,155.49453
270,187.5,155.49849
270,190,155.50246
270,192.5,155.50642
270,195,155.51038
270,197.5,155.51435
270,200,155.51831
270,202.5,155.52227
270,205,155.52624
270,207.5,155.5302
270,210,155.53417
270,212.5,155.53813
270,215,155.54209
270,217.5,155.54606
270,220,155.55002
270,222.5,155.55398
270,225,155.55795
270,227.5,155.56191
270,230,155.56588
270,232.5,155.56984
270,235,155.5738
270,237.5,155.57777
270,240,155.58173
270,242.5,155.58569
270,245,155.58966
270,247.5,155.59362
270,250,155.59759
270,252.5,155.60155
270,255,155.60551
270,257.5,155.60948
270,260,155.61344
270,262.5,155.61741
270,265,155.62137
270,267.5,155.62533
270,270,155.6293
270,272.5,155.63326
270,275,155.63722
270,277.5,155.64119
270,280,155.64515
270,282.5,155.64912
270,285,155.65308
270,287.5,155.65704
270,290,155.66101
270,292.5,155.66497
270,295,155.66893
270,297.5,155.6729
270,300,155.67488
275,0,157.51283
275,2.5,157.51481
275,5,157.51877
275,7.5,157.52274
275,10,157.5267
275,12.5,157.53066
275,15,157.53463
275,17.5,157.53859
275,20,157.54256
275,22.5,157.54652
275,25,157.55048
275,27.5,157.55445
275,30,157.55841
275,32.5,157.56238
275,35,157.56634
275,37.5,157.5703
275,40,157.57427
275,42.5,157.57823
275,45,157.58219
275,47.5,157.58616
275,50,157.59012
275,52.5,157.59409
275,55,157.59805
275,57.5,157.60201
275,60,157.60598
275,62.5,157.60994
275,65,157.6139
275,67.5,157.61787
275,70,157.62183
275,72.5,157.6258
275,75,157.62976
275,77.5,157.63372
275,80,157.63769
275,82.5,157.64165
275,85,157.64561
275,87.5,157.64958
275,90,157.65354
275,92.5,157.65751
275,95,157.66147
275,97.5,157.66543
275,100,157.6694
275,102.5,157.67336
275,105,157.67733
275,107.5,157.68129
275,110,157.68525
275,112.5,157.68922
275,115,157.69318
275,117.5,157.69714
275,120,157.70111
275,122.5,157.70507
275,125,157.70904
275,127.5,157.713
275,130,157.71696
275,132.5,157.72093
275,135,157.72489
275,137.5,157.72885
275,140,157.73282
275,142.5,157.73678
275,145,157.74075
275,147.5,157.74471
275,150,157.74867
275,152.5,157.75264
275,155,157.7566
275,157.5,157.76057
275,160,157.76453
275,162.5,157.76849
275,165,157.77246
275,167.5,157.77642
275,170,157.78038
275,172.5,157.78435
275,175,157.78831
275,177.5,157.79228
275,180,157.79624
275,182.5,157.8002
275,185,157.80417
275,187.5,157.80813
275,190,157.81209
275,192.5,157.81606
275,195,157.82002
275,197.5,157.82399
275,200,157.82795
275,202.5,157.83191
275,205,157.83588
275,207.5,157.83984
275,210,157.8438
275,212.5,157.84777
275,215,157.85173
275,217.5,157.8557
275,220,157.85966
275,222.5,157.86362
275,225,157.86759
275,227.5,157.87155
275,230,157.87552
275,232.5,157.87948
275,235,157.88344
275,237.5,157.88741
275,240,157.89137
275,242.5,157.89533
275,245,157.8993
275,247.5,157.90326
275,250,157.90723
275,252.5,157.91119
275,255,157.91515
275,257.5,157.91912
275,260,157.92308
275,262.5,157.92704
275,265,157.93101
275,267.5,157.93497
275,270,157.93894
275,272.5,157.9429
275,275,157.94686
275,277.5,157.95083
275,280,157.95479
275,282.5,157.95875
275,285,157.96272
275,287.5,157.96668
275,290,157.97065
275,292.5,157.97461
275,295,157.97857
275,297.5,157.98254
275,300,157.98452
280,0,159.44809
280,2.5,159.45007
280,5,159.45403
280,7.5,159.45799
280,10,159.46196
280,12.5,159.46592
280,15,159.46989
280,17.5,159.47385
280,20,159.47781
280,22.5,159.48178
280,25,159.48574
280,27.5,159.48971
280,30,159.49367
280,32.5,159.49763
280,35,159.5016
280,37.5,159.50556
280,40,159.50952
280,42.5,159.51349
280,45,159.51745
280,47.5,159.52142
280,50,159.52538
280,52.5,159.52934
280,55,159.53331
280,57.5,159.53727
280,60,159.54123
280,62.5,159.5452
280,65,159.54916
280,67.5,159.55313
280,70,159.55709
280,72.5,159.56105
280,75,159.56502
280,77.5,159.56898
280,80,159.57294
280,82.5,159.57691
280,85,159.58087
280,87.5,159.58484
280,90,159.5888
280,92.5,159.59276
280,95,159.59673
280,97.5,159.60069
280,100,159.60466
280,102.5,159.60862
280,105,159.61258
280,107.5,159.61655
280,110,159.62051
280,112.5,159.62447
280,115,159.62844
280,117.5,159.6324
280,120,159.63637
280,122.5,159.64033
280,125,159.64429
280,127.5,159.64826
280,130,159.65222
280,132.5,159.65618
280,135,159.66015
280,137.5,159.66411
280,140,159.66808
280,142.5,159.67204
280,145,159.676
280,147.5,159.67997
280,150,159.68393
280,152.5,159.68789
280,155,159.69186
280,157.5,159.69582
280,160,159.69979
280,162.5,159.70375
280,165,159.70771
280,167.5,159.71168
280,170,159.71564
280,172.5,159.71961
280,175,159.72357
280,177.5,159.72753
280,180,159.7315
280,182.5,159.73546
280,185,159.73942
280,187.5,159.74339
280,190,159.74735
280,192.5,159.75132
280,195,159.75528
280,197.5,159.75924
280,200,159.76321
280,202.5,159.76717
280,205,159.77113
280,207.5,159.7751
280,210,159.77906
280,212.5,159.78303
280,215,159.78699
280,217.5,159.79095
280,220,159.79492
280,222.5,159.79888
280,225,159.80284
280,227.5,159.80681
280,230,159.81077
280,232.5,159.81474
280,235,159.8187
280,237.5,159.82266
280,240,159.82663
280,242.5,159.83059
280,245,159.83456
280,247.5,159.83852
280,250,159.84248
280,252.5,159.84645
280,255,159.85041
280,257.5,159.85437
280,260,159.85834
280,262.5,159.8623
280,265,159.86627
280,267.5,159.87023
280,270,159.87419
280,272.5,159.87816
280,275,159.88212
280,277.5,159.88608
280,280,159.89005
280,282.5,159.89401
280,285,159.89798
280,287.5,159.90194
280,290,159.9059
280,292.5,159.90987
280,295,159.91383
280,297.5,159.91779
280,300,159.91978
285,0,160.97825
285,2.5,160.98023
285,5,160.9842
285,7.5,160.98816
285,10,160.99212
285,12.5,160.99609
285,15,161.00005
285,17.5,161.00402
285,20,161.00798
285,22.5,161.01194
285,25,161.01591
285,27.5,161.01987
285,30,161.02383
285,32.5,161.0278
285,35,161.03176
285,37.5,161.03573
285,40,161.03969
285,42.5,161.04365
285,45,161.04762
285,47.5,161.05158
285,50,161.05554
285,52.5,161.05951
285,55,161.06347
285,57.5,161.06744
285,60,161.0714
285,62.5,161.07536
285,65,161.07933
285,67.5,161.08329
285,70,161.08725
285,72.5,161.09122
285,75,161.09518
285,77.5,161.09915
285,80,161.10311
285,82.5,161.10707
285,85,161.11104
285,87.5,161.115
285,90,161.11897
285,92.5,161.12293
285,95,161.12689
285,97.5,161.13086
285,100,161.13482
285,102.5,161.13878
285,105,161.14275
285,107.5,161.14671
285,110,161.15068
285,112.5,161.15464
285,115,161.1586
285,117.5,161.16257
285,120,161.16653
285,122.5,161.17049
285,125,161.17446
285,127.5,161.17842
285,130,161.18239
285,132.5,161.18635
285,135,161.19031
285,137.5,161.19428
285,140,161.19824
285,142.5,161.2022
285,145,161.20617
285,147.5,161.21013
285,150,161.2141
285,152.5,161.21806
285,155,161.22202
285,157.5,161.22599
285,160,161.22995
285,162.5,161.23392
285,165,161.23788
285,167.5,161.24184
285,170,161.24581
285,172.5,161.24977
285,175,161.25373
285,177.5,161.2577
285,180,161.26166
285,182.5,161.26563
285,185,161.26959
285,187.5,161.27355
285,190,161.27752
285,192.5,161.28148
285,195,161.28544
285,197.5,161.28941
285,200,161.29337
285,202.5,161.29734
285,205,161.3013
285,207.5,161.30526
285,210,161.30923
285,212.5,161.31319
285,215,161.31715
285,217.5,161.32112
285,220,161.32508
285,222.5,161.32905
285,225,161.33301
285,227.5,161.33697
285,230,161.34094
285,232.5,161.3449
285,235,161.34887
285,237.5,161.35283
285,240,161.35679
285,242.5,161.36076
285,245,161.36472
285,247.5,161.36868
285,250,161.37265
285,252.5,161.37661
285,255,161.38058
285,257.5,161.38454
285,260,161.3885
285,262.5,161.39247
285,265,161.39643
285,267.5,161.40039
285,270,161.40436
285,272.5,161.40832
285,275,161.41229
285,277.5,161.41625
285,280,161.42021
285,282.5,161.42418
285,285,161.42814
285,287.5,161.4321
285,290,161.43607
285,292.5,161.44003
285,295,161.444
285,297.5,161.44796
285,300,161.44994
290,0,162.07294
290,2.5,162.07492
290,5,162.07889
290,7.5,162.08285
290,10,162.08681
290,12.5,162.09078
290,15,162.09474
290,17.5,162.0987
290,20,162.10267
290,22.5,162.10663
290,25,162.1106
290,27.5,162.11456
290,30,162.11852
290,32.5,162.12249
290,35,162.12645
290,37.5,162.13042
290,40,162.13438
290,42.5,162.13834
290,45,162.14231
290,47.5,162.14627
290,50,162.15023
290,52.5,162.1542
290,55,162.15816
290,57.5,162.16213
290,60,162.16609
290,62.5,162.17005
290,65,162.17402
290,67.5,162.17798
290,70,162.18194
290,72.5,162.18591
290,75,162.18987
290,77.5,162.19384
290,80,162.1978
290,82.5,162.20176
290,85,162.20573
290,87.5,162.20969
290,90,162.21365
290,92.5,162.21762
290,95,162.22158
290,97.5,162.22555
290,100,162.22951
290,102.5,162.23347
290,105,162.23744
290,107.5,162.2414
290,110,162.24537
290,112.5,162.24933
290,115,162.25329
290,117.5,162.25726
290,120,162.26122
290,122.5,162.26518
290,125,162.26915
290,127.5,162.27311
290,130,162.27708
290,132.5,162.28104
290,135,162.285
290,137.5,162.28897
290,140,162.29293
290,142.5,162.29689
290,145,162.30086
290,147.5,162.30482
290,150,162.30879
290,152.5,162.31275
290,155,162.31671
290,157.5,162.32068
290,160,162.32464
290,162.5,162.3286
290,165,162.33257
290,167.5,162.33653
290,170,162.3405
290,172.5,162.34446
290,175,162.34842
290,177.5,162.35239
290,180,162.35635
290,182.5,162.36032
290,185,162.36428
290,187.5,162.36824
290,190,162.37221
290,192.5,162.37617
290,195,162.38013
290,197.5,162.3841
290,200,162.38806
290,202.5,162.39203
290,205,162.39599
290,207.5,162.39995
290,210,162.40392
290,212.5,162.40788
290,215,162.41184
290,217.5,162.41581
290,220,162.41977
290,222.5,162.42374
290,225,162.4277
290,227.5,162.43166
290,230,162.43563
290,232.5,162.43959
290,235,162.44356
290,237.5,162.44752
290,240,162.45148
290,242.5,162.45545
290,245,162.45941
290,247.5,162.46337
290,250,162.46734
290,252.5,162.4713
290,255,162.47527
290,257.5,162.47923
290,260,162.48319
290,262.5,162.48716
290,265,162.49112
290,267.5,162.49508
290,270,162.49905
290,272.5,162.50301
290,275,162.50698
290,277.5,162.51094
290,280,162.5149
290,282.5,162.51887
290,285,162.52283
290,287.5,162.52679
290,290,162.53076
290,292.5,162.53472
290,295,162.53869
290,297.5,162.54265
290,300,162.54463
295,0,162.70234
295,2.5,162.70432
295,5,162.70828
295,7.5,162.71225
295,10,162.71621
295,12.5,162.72017
295,15,162.72414
295,17.5,162.7281
295,20,162.73206
295,22.5,162.73603
295,25,162.73999
295,27.5,162.74396
295,30,162.74792
295,32.5,162.75188
295,35,162.75585
295,37.5,162.75981
295,40,162.76377
295,42.5,162.76774
295,45,162.7717
295,47.5,162.77567
295,50,162.77963
295,52.5,162.78359
295,55,162.78756
295,57.5,162.79152
295,60,162.79548
295,62.5,162.79945
295,65,162.80341
295,67.5,162.80738
295,70,162.81134
295,72.5,162.8153
295,75,162.81927
295,77.5,162.82323
295,80,162.8272
295,82.5,162.83116
295,85,162.83512
295,87.5,162.83909
295,90,162.84305
295,92.5,162.84701
295,95,162.85098
295,97.5,162.85494
295,100,162.85891
295,102.5,162.86287
295,105,162.86683
295,107.5,162.8708
295,110,162.87476
295,112.5,162.87872
295,115,162.88269
295,117.5,162.88665
295,120,162.89062
295,122.5,162.89458
295,125,162.89854
295,127.5,162.90251
295,130,162.90647
295,132.5,162.91043
295,135,162.9144
295,137.5,162.91836
295,140,162.92233
295,142.5,162.92629
295,145,162.93025
295,147.5,162.93422
295,150,162.93818
295,152.5,162.94215
295,155,162.94611
295,157.5,162.95007
295,160,162.95404
295,162.5,162.958
295,165,162.96196
295,167.5,162.96593
295,170,162.96989
295,172.5,162.97386
295,175,162.97782
295,177.5,162.98178
295,180,162.98575
295,182.5,162.98971
295,185,162.99367
295,187.5,162.99764
295,190,163.0016
295,192.5,163.00557
295,195,163.00953
295,197.5,163.01349
295,200,163.01746
295,202.5,163.02142
295,205,163.02538
295,207.5,163.02935
295,210,163.03331
295,212.5,163.03728
295,215,163.04124
295,217.5,163.0452
295,220,163.04917
295,222.5,163.05313
295,225,163.0571
295,227.5,163.06106
295,230,163.06502
295,232.5,163.06899
295,235,163.07295
295,237.5,163.07691
295,240,163.08088
295,242.5,163.08484
295,245,163.08881
295,247.5,163.09277
295,250,163.09673
295,252.5,163.1007
295,255,163.10466
295,257.5,163.10862
295,260,163.11259
295,262.5,163.11655
295,265,163.12052
295,267.5,163.12448
295,270,163.12844
295,272.5,163.13241
295,275,163.13637
295,277.5,163.14034
295,280,163.1443
295,282.5,163.14826
295,285,163.15223
295,287.5,163.15619
295,290,163.16015
295,292.5,163.16412
295,295,163.16808
295,297.5,163.17205
295,300,163.17403
300,0,162.83739
300,2.5,162.83937
300,5,162.84333
300,7.5,162.8473
300,10,162.85126
300,12.5,162.85522
300,15,162.85919
300,17.5,162.86315
300,20,162.86711
300,22.5,162.87108
300,25,162.87504
300,27.5,162.879
300,30,162.88297
300,32.5,162.88693
300,35,162.8909
300,37.5,162.89486
300,40,162.89882
300,42.5,162.90279
300,45,162.90675
300,47.5,162.91071
300,50,162.91468
300,52.5,162.91864
300,55,162.9226
300,57.5,162.92657
300,60,162.93053
300,62.5,162.93449
300,65,162.93846
300,67.5,162.94242
300,70,162.94639
300,72.5,162.95035
300,75,162.95431
300,77.5,162.95828
300,80,162.96224
300,82.5,162.9662
300,85,162.97017
300,87.5,162.97413
300,90,162.97809
300,92.5,162.98206
300,95,162.98602
300,97.5,162.98998
300,100,162.99395
300,102.5,162.99791
300,105,163.00187
300,107.5,163.00584
300,110,163.0098
300,112.5,163.01377
300,115,163.01773
300,117.5,163.02169
300,120,163.02566
300,122.5,163.02962
300,125,163.03358
300,127.5,163.03755
300,130,163.04151
300,132.5,163.04547
300,135,163.04944
300,137.5,163.0534
300,140,163.05736
300,142.5,163.06133
300,145,163.06529
300,147.5,163.06925
300,150,163.07322
300,152.5,163.07718
300,155,163.08114
300,157.5,163.08511
300,160,163.08907
300,162.5,163.09303
300,165,163.09699
300,167.5,163.10096
300,170,163.10492
300,172.5,163.10888
300,175,163.11285
300,177.5,163.11681
300,180,163.12077
300,182.5,163.12474
300,185,163.1287
300,187.5,163.13266
300,190,163.13662
300,192.5,163.14059
300,195,163.14455
300,197.5,163.14851
300,200,163.15248
300,202.5,163.15644
300,205,163.1604
300,207.5,163.16436
300,210,163.16833
300,212.5,163.17229
300,215,163.17625
300,217.5,163.18021
300,220,163.18417
300,222.5,163.18814
300,225,163.1921
300,227.5,163.19606
300,230,163.20002
300,232.5,163.20398
300,235,163.20794
300,237.5,163.2119
300,240,163.21586
300,242.5,163.21982
300,245,163.22378
300,247.5,163.22774
300,250,163.2317
300,252.5,163.23566
300,255,163.23962
300,257.5,163.24358
300,260,163.24754
300,262.5,163.25149
300,265,163.25545
300,267.5,163.2594
300,270,163.26335
300,272.5,163.2673
300,275,163.27125
300,277.5,163.27519
300,280,163.27913
300,282.5,163.28307
300,285,163.28699
300,287.5,163.2909
300,290,163.29478
300,292.5,163.29862
300,295,163.30236
300,297.5,163.30579
300,300,163.30711
